Taxon,RedList,DestrCrit,PopRed,PopRedBack,GenLength,UpperDepth,LowerDepth,DepthRange,DepthRange20,GenGlobAbd,ResFragRange,OffReef,SuscBleaching,ResistBleaching,SuscDisease,ResistDisease,Recover,SuscCoTs,Collection1000
ACR_Acropora_abrolhosensis,VU,De+Cr,0.39,0.15,10,2,18,16,1,rare,0,0,1,0,0,0,0,1,0
ACR_Acropora_abrotanoides,LC,De,0.2,0.09,10,0,15,15,1,uncommon,0,0,0,0,0,0,0,0,0
ACR_Acropora_aculeus,VU,De+Cr,0.37,0.15,10,5,35,30,0,uncommon,0,0,1,0,1,0,0,1,0
ACR_Acropora_acuminata,VU,De+Cr,0.35,0.14,10,5,20,15,1,uncommon,0,0,1,0,1,0,0,1,0
ACR_Acropora_akajimensis,DD,DD,NA,NA,NA,NA,NA,NA,NA,NA,NA,NA,NA,NA,NA,NA,NA,NA,NA
ACR_Acropora_anthocercis,VU,De+Cr,0.33,0.14,10,5,10,5,1,uncommon,0,0,1,0,1,0,0,1,0
ACR_Acropora_appressa,NT,De+Cr,0.22,0.08,10,1,15,14,1,uncommon,0,0,1,0,1,0,0,1,0
ACR_Acropora_arabensis,NT,De+Cr,0.28,0.14,10,0.5,12,11.5,1,common,1,0,1,0,1,0,0,1,0
ACR_Acropora_aspera,VU,De+Cr,0.37,0.15,10,0,5,5,1,uncommon,0,0,1,0,1,0,0,1,0
ACR_Acropora_austera,NT,De,0.2,0.09,10,0.5,20,19.5,1,common,0,0,1,0,1,0,0,1,1
ACR_Acropora_awi,VU,De+Cr,0.39,0.15,10,0,5,5,1,uncommon,0,0,1,0,1,0,0,1,0
ACR_Acropora_batunai,VU,De+Cr,0.39,0.15,10,1,44,43,0,uncommon,0,0,1,0,1,0,0,1,0
ACR_Acropora_bifurcata,DD,DD,NA,NA,NA,NA,NA,NA,NA,NA,NA,NA,NA,NA,NA,NA,NA,NA,NA
ACR_Acropora_branchi,DD,DD,NA,NA,NA,NA,NA,NA,NA,NA,NA,NA,NA,NA,NA,NA,NA,NA,NA
ACR_Acropora_bushyensis,LC,De+Cr,0.1,0.05,10,0,5,5,1,rare,0,0,0,1,1,0,0,1,0
ACR_Acropora_cardenae,DD,DD,NA,NA,NA,NA,NA,NA,NA,NA,NA,NA,NA,NA,NA,NA,NA,NA,NA
ACR_Acropora_carduus,NT,De,0.2,0.09,10,3,50,47,0,common,0,1,1,0,1,0,0,1,0
ACR_Acropora_caroliniana,VU,De+Cr,0.38,0.15,10,10,25,15,1,uncommon,0,0,1,0,1,0,0,1,0
ACR_Acropora_cerealis,LC,De,0.2,0.09,10,3,20,17,1,common,0,0,1,0,1,0,0,1,0
ACR_Acropora_cervicornis,CR,A2,0.85,0.5,10,0.5,60,59.5,0,uncommon,0,0,1,0,1,0,0,0,0
ACR_Acropora_chesterfieldensis,LC,De+Cr,0.1,0.05,10,3,20,17,1,rare,0,0,1,0,1,0,0,1,0
ACR_Acropora_clathrata,LC,De,0.2,0.09,10,8,20,12,1,common,0,0,1,0,1,0,0,1,0
ACR_Acropora_convexa,DD,DD,NA,NA,NA,NA,NA,NA,NA,NA,NA,NA,NA,NA,NA,NA,NA,NA,NA
ACR_Acropora_cophodactyla,DD,DD,NA,NA,NA,NA,NA,NA,NA,NA,NA,NA,NA,NA,NA,NA,NA,NA,NA
ACR_Acropora_copiosa,DD,DD,NA,NA,NA,NA,NA,NA,NA,NA,NA,NA,NA,NA,NA,NA,NA,NA,NA
ACR_Acropora_cytherea,LC,De,0.2,0.09,10,3,25,22,0,common,0,0,1,0,1,0,0,1,0
ACR_Acropora_dendrum,VU,De+Cr,0.35,0.14,10,5,20,15,1,uncommon,0,0,1,0,1,0,0,1,0
ACR_Acropora_derawanensis,VU,De+Cr,0.39,0.15,10,10,25,15,1,uncommon,0,0,1,0,1,0,0,1,0
ACR_Acropora_desalwii,VU,De+Cr,0.41,0.15,10,10,30,20,1,common,0,0,1,0,1,0,0,1,0
ACR_Acropora_digitifera,NT,De,0.2,0.09,10,0,12,12,1,uncommon,0,0,1,0,1,0,0,1,0
ACR_Acropora_divaricata,NT,De,0.21,0.09,10,5,25,20,1,common,0,0,1,0,1,0,0,1,1
ACR_Acropora_donei,VU,De+Cr,0.37,0.15,10,5,20,15,1,uncommon,0,0,1,0,1,0,0,1,0
ACR_Acropora_downingi,LC,De+Cr,0.19,0.16,10,1,10,9,1,common,1,0,1,0,1,0,0,1,0
ACR_Acropora_echinata,VU,De+Cr,0.38,0.15,10,8,25,17,1,uncommon,0,0,1,0,1,0,0,1,1
ACR_Acropora_efflorescens,DD,DD,NA,NA,NA,NA,NA,NA,NA,NA,NA,NA,NA,NA,NA,NA,NA,NA,NA
ACR_Acropora_elegans,VU,De+Cr,0.41,0.16,10,30,60,30,0,uncommon,0,0,0,0,0,0,0,1,1
ACR_Acropora_elegantula,DD,DD,NA,NA,NA,NA,NA,NA,NA,NA,NA,NA,NA,NA,NA,NA,NA,NA,NA
ACR_Acropora_elseyi,LC,De,0.2,0.09,10,5,15,10,1,common,0,0,1,0,1,0,0,1,0
ACR_Acropora_exquisita,DD,DD,NA,NA,NA,NA,NA,NA,NA,NA,NA,NA,NA,NA,NA,NA,NA,NA,NA
ACR_Acropora_fastigata,DD,DD,NA,NA,NA,NA,NA,NA,NA,NA,NA,NA,NA,NA,NA,NA,NA,NA,NA
ACR_Acropora_fenneri,DD,DD,NA,NA,NA,NA,NA,NA,NA,NA,NA,NA,NA,NA,NA,NA,NA,NA,NA
ACR_Acropora_filiformis,DD,DD,NA,NA,NA,NA,NA,NA,NA,NA,NA,NA,NA,NA,NA,NA,NA,NA,NA
ACR_Acropora_florida,NT,De,0.21,0.1,10,5,30,25,0,common,0,0,1,0,1,0,0,1,1
ACR_Acropora_forskali,DD,DD,NA,NA,NA,NA,NA,NA,NA,NA,NA,NA,NA,NA,NA,NA,NA,NA,NA
ACR_Acropora_gemmifera,LC,De,0.2,0.09,10,1,15,14,1,common,0,0,1,0,1,0,0,1,0
ACR_Acropora_glauca,NT,De,0.19,0.09,10,5,20,15,1,rare,0,1,1,0,1,0,0,1,0
ACR_Acropora_globiceps,VU,De+Cr,0.35,0.14,10,0,8,8,1,common,0,0,1,0,1,0,0,1,0
ACR_Acropora_gomezi,DD,DD,NA,NA,NA,NA,NA,NA,NA,NA,NA,NA,NA,NA,NA,NA,NA,NA,NA
ACR_Acropora_grandis,LC,De,0.2,0.09,10,5,25,20,1,common,0,1,1,0,1,0,0,1,0
ACR_Acropora_granulosa,NT,De,0.2,0.09,10,8,40,32,0,common,0,0,1,0,1,0,0,1,1
ACR_Acropora_haimei,DD,DD,NA,NA,NA,NA,NA,NA,NA,NA,NA,NA,NA,NA,NA,NA,NA,NA,NA
ACR_Acropora_halmaherae,DD,DD,NA,NA,NA,NA,NA,NA,NA,NA,NA,NA,NA,NA,NA,NA,NA,NA,NA
ACR_Acropora_hemprichii,VU,De+Cr,0.35,0.15,10,3,15,12,1,common,0,0,1,0,1,0,0,1,0
ACR_Acropora_hoeksemai,VU,De+Cr,0.41,0.16,10,8,20,12,1,common,0,0,1,0,1,0,0,1,0
ACR_Acropora_horrida,VU,De+Cr,0.36,0.15,10,5,20,15,1,uncommon,0,0,1,0,1,0,0,1,1
ACR_Acropora_humilis,NT,De,0.2,0.09,10,0,11,11,1,common,0,0,1,0,1,0,0,1,1
ACR_Acropora_hyacinthus,NT,De,0.2,0.09,10,5,20,15,1,common,0,0,1,0,1,0,0,1,1
ACR_Acropora_indonesia,VU,De+Cr,0.38,0.15,10,10,20,10,1,common,0,0,1,0,1,0,0,1,0
ACR_Acropora_inermis,DD,DD,NA,NA,NA,NA,NA,NA,NA,NA,NA,NA,NA,NA,NA,NA,NA,NA,NA
ACR_Acropora_insignis,DD,DD,NA,NA,NA,NA,NA,NA,NA,NA,NA,NA,NA,NA,NA,NA,NA,NA,NA
ACR_Acropora_intermedia,LC,De,0.2,0.09,10,5,25,20,1,common,0,1,1,0,1,0,0,1,0
ACR_Acropora_irregularis,DD,DD,NA,NA,NA,NA,NA,NA,NA,NA,NA,NA,NA,NA,NA,NA,NA,NA,NA
ACR_Acropora_jacquelineae,VU,De+Cr,0.37,0.14,10,10,35,25,0,uncommon,0,0,1,0,1,0,0,1,1
ACR_Acropora_japonica,DD,DD,NA,NA,NA,NA,NA,NA,NA,NA,NA,NA,NA,NA,NA,NA,NA,NA,NA
ACR_Acropora_khayranensis,DD,DD,NA,NA,NA,NA,NA,NA,NA,NA,NA,NA,NA,NA,NA,NA,NA,NA,NA
ACR_Acropora_kimbeensis,VU,De+Cr,0.36,0.14,10,3,15,12,1,uncommon,0,0,1,0,1,0,0,1,1
ACR_Acropora_kirstyae,VU,De+Cr,0.36,0.14,10,10,25,15,1,uncommon,0,0,1,0,1,0,0,1,0
ACR_Acropora_kosurini,VU,De+Cr,0.41,0.15,10,8,20,12,1,rare,0,0,1,0,1,0,0,1,0
ACR_Acropora_lamarcki,DD,DD,NA,NA,NA,NA,NA,NA,NA,NA,NA,NA,NA,NA,NA,NA,NA,NA,NA
ACR_Acropora_latistella,LC,De,0.2,0.09,10,3,20,17,1,common,0,0,1,0,1,0,0,1,0
ACR_Acropora_lianae,DD,DD,NA,NA,NA,NA,NA,NA,NA,NA,NA,NA,NA,NA,NA,NA,NA,NA,NA
ACR_Acropora_listeri,VU,De+Cr,0.35,0.14,10,3,15,12,1,uncommon,0,0,1,0,1,0,0,1,0
ACR_Acropora_loisetteae,VU,De+Cr,0.39,0.15,10,1,30,29,0,uncommon,0,0,1,0,1,0,0,1,0
ACR_Acropora_lokani,VU,De+Cr,0.36,0.14,10,8,25,17,1,uncommon,0,0,1,0,1,0,0,1,0
ACR_Acropora_longicyathus,LC,De,0.21,0.1,10,5,20,15,1,common,0,1,1,0,1,0,0,1,0
ACR_Acropora_loripes,NT,De,0.2,0.09,10,5,25,20,1,common,0,0,1,0,1,0,0,1,1
ACR_Acropora_lovelli,VU,De+Cr,0.36,0.14,10,1,10,9,1,rare,0,0,1,0,1,0,0,1,0
ACR_Acropora_lutkeni,NT,De,0.21,0.09,10,3,12,9,1,uncommon,0,0,1,0,1,0,0,1,0
ACR_Acropora_macrostoma,DD,DD,NA,NA,NA,NA,NA,NA,NA,NA,NA,NA,NA,NA,NA,NA,NA,NA,NA
ACR_Acropora_maryae,DD,DD,NA,NA,NA,NA,NA,NA,NA,NA,NA,NA,NA,NA,NA,NA,NA,NA,NA
ACR_Acropora_massawensis,DD,DD,NA,NA,NA,NA,NA,NA,NA,NA,NA,NA,NA,NA,NA,NA,NA,NA,NA
ACR_Acropora_microclados,VU,De+Cr,0.33,0.14,10,5,20,15,1,uncommon,0,0,1,0,1,0,0,1,0
ACR_Acropora_microphthalma,LC,De,0.2,0.09,10,5,25,20,1,common,0,1,1,0,1,0,0,1,0
ACR_Acropora_millepora,NT,De,0.2,0.09,10,2,12,10,1,common,0,0,1,0,1,0,0,1,1
ACR_Acropora_minuta,DD,DD,NA,NA,NA,NA,NA,NA,NA,NA,NA,NA,NA,NA,NA,NA,NA,NA,NA
ACR_Acropora_mirabilis,DD,DD,NA,NA,NA,NA,NA,NA,NA,NA,NA,NA,NA,NA,NA,NA,NA,NA,NA
ACR_Acropora_monticulosa,NT,De,0.21,0.1,10,1,12,11,1,uncommon,0,0,1,0,1,0,0,1,0
ACR_Acropora_multiacuta,VU,De+Cr,0.4,0.15,10,3,15,12,1,rare,0,0,1,0,1,0,0,1,0
ACR_Acropora_muricata,NT,De,0.2,0.09,10,5,30,25,0,common,0,0,1,0,1,0,0,1,1
ACR_Acropora_nana,NT,De,0.19,0.09,10,1,10,9,1,uncommon,0,0,1,0,1,0,0,1,1
ACR_Acropora_nasuta,NT,De,0.2,0.09,10,3,15,12,1,common,0,0,1,0,1,0,0,1,1
ACR_Acropora_natalensis,DD,DD,NA,NA,NA,NA,NA,NA,NA,NA,NA,NA,NA,NA,NA,NA,NA,NA,NA
ACR_Acropora_navini,DD,DD,NA,NA,NA,NA,NA,NA,NA,NA,NA,NA,NA,NA,NA,NA,NA,NA,NA
ACR_Acropora_ocellata,DD,DD,NA,NA,NA,NA,NA,NA,NA,NA,NA,NA,NA,NA,NA,NA,NA,NA,NA
ACR_Acropora_orbicularis,DD,DD,NA,NA,NA,NA,NA,NA,NA,NA,NA,NA,NA,NA,NA,NA,NA,NA,NA
ACR_Acropora_pagoensis,DD,DD,NA,NA,NA,NA,NA,NA,NA,NA,NA,NA,NA,NA,NA,NA,NA,NA,NA
ACR_Acropora_palmata,CR,A2,0.85,0.5,10,0.1,40,39.9,0,uncommon,0,0,1,0,1,0,0,0,0
ACR_Acropora_palmerae,VU,De+Cr,0.39,0.15,10,0,12,12,1,uncommon,0,0,1,0,1,0,0,1,0
ACR_Acropora_paniculata,VU,De+Cr,0.35,0.14,10,10,35,25,0,uncommon,0,0,1,0,1,0,0,1,0
ACR_Acropora_papillare,VU,De+Cr,0.41,0.16,10,1,5,4,1,uncommon,0,0,1,0,1,0,0,1,0
ACR_Acropora_paragemmifera,DD,DD,NA,NA,NA,NA,NA,NA,NA,NA,NA,NA,NA,NA,NA,NA,NA,NA,NA
ACR_Acropora_parahemprichii,DD,DD,NA,NA,NA,NA,NA,NA,NA,NA,NA,NA,NA,NA,NA,NA,NA,NA,NA
ACR_Acropora_parapharaonis,DD,DD,NA,NA,NA,NA,NA,NA,NA,NA,NA,NA,NA,NA,NA,NA,NA,NA,NA
ACR_Acropora_parilis,DD,DD,NA,NA,NA,NA,NA,NA,NA,NA,NA,NA,NA,NA,NA,NA,NA,NA,NA
ACR_Acropora_pectinatus,DD,DD,NA,NA,NA,NA,NA,NA,NA,NA,NA,NA,NA,NA,NA,NA,NA,NA,NA
ACR_Acropora_pharaonis,VU,De+Cr,0.3,0.14,10,5,25,20,1,common,0,0,1,0,1,0,0,1,0
ACR_Acropora_pichoni,NT,De,0.19,0.09,10,10,70,60,0,common,0,0,1,0,1,0,0,1,0
ACR_Acropora_pinguis,DD,DD,NA,NA,NA,NA,NA,NA,NA,NA,NA,NA,NA,NA,NA,NA,NA,NA,NA
ACR_Acropora_plana,DD,DD,NA,NA,NA,NA,NA,NA,NA,NA,NA,NA,NA,NA,NA,NA,NA,NA,NA
ACR_Acropora_plantaginea,DD,DD,NA,NA,NA,NA,NA,NA,NA,NA,NA,NA,NA,NA,NA,NA,NA,NA,NA
ACR_Acropora_plumosa,VU,De+Cr,0.36,0.14,10,10,30,20,1,uncommon,0,0,1,0,1,0,0,1,0
ACR_Acropora_polystoma,VU,De+Cr,0.35,0.14,10,3,10,7,1,uncommon,0,0,1,0,1,0,0,1,0
ACR_Acropora_prostrata,DD,DD,NA,NA,NA,NA,NA,NA,NA,NA,NA,NA,NA,NA,NA,NA,NA,NA,NA
ACR_Acropora_proximalis,DD,DD,NA,NA,NA,NA,NA,NA,NA,NA,NA,NA,NA,NA,NA,NA,NA,NA,NA
ACR_Acropora_pruinosa,DD,DD,NA,NA,NA,NA,NA,NA,NA,NA,NA,NA,NA,NA,NA,NA,NA,NA,NA
ACR_Acropora_pulchra,LC,De,0.2,0.09,10,1,20,19,1,uncommon,0,0,1,0,1,0,0,1,0
ACR_Acropora_rambleri,DD,DD,NA,NA,NA,NA,NA,NA,NA,NA,NA,NA,NA,NA,NA,NA,NA,NA,NA
ACR_Acropora_retusa,VU,De+Cr,0.49,0.18,10,1,5,4,1,uncommon,0,0,1,0,1,0,0,1,0
ACR_Acropora_ridzwani,DD,DD,NA,NA,NA,NA,NA,NA,NA,NA,NA,NA,NA,NA,NA,NA,NA,NA,NA
ACR_Acropora_robusta,LC,De,0.2,0.09,10,1,8,7,1,common,0,0,1,0,1,0,0,1,0
ACR_Acropora_rongelapensis,DD,DD,NA,NA,NA,NA,NA,NA,NA,NA,NA,NA,NA,NA,NA,NA,NA,NA,NA
ACR_Acropora_rosaria,DD,DD,NA,NA,NA,NA,NA,NA,NA,NA,NA,NA,NA,NA,NA,NA,NA,NA,NA
ACR_Acropora_roseni,EN,De+Cr,0.58,0.12,10,3,12,9,1,uncommon,1,0,1,0,1,0,0,1,0
ACR_Acropora_rudis,EN,De+Cr,0.59,0.22,10,3,15,12,1,uncommon,1,0,1,0,1,0,0,1,0
ACR_Acropora_rufus,DD,DD,NA,NA,NA,NA,NA,NA,NA,NA,NA,NA,NA,NA,NA,NA,NA,NA,NA
ACR_Acropora_russelli,VU,De+Cr,0.43,0.16,10,15,30,15,1,uncommon,0,0,1,0,1,0,0,0,0
ACR_Acropora_samoensis,LC,De,0.2,0.09,10,5,15,10,1,common,0,0,1,0,1,0,0,1,0
ACR_Acropora_sarmentosa,LC,De,0.19,0.09,10,3,20,17,1,common,0,0,1,0,1,0,0,1,0
ACR_Acropora_scherzeriana,DD,DD,NA,NA,NA,NA,NA,NA,NA,NA,NA,NA,NA,NA,NA,NA,NA,NA,NA
ACR_Acropora_schmitti,DD,DD,NA,NA,NA,NA,NA,NA,NA,NA,NA,NA,NA,NA,NA,NA,NA,NA,NA
ACR_Acropora_secale,NT,De,0.2,0.09,10,2,15,13,1,common,0,0,1,0,1,0,0,1,1
ACR_Acropora_sekiseiensis,DD,DD,NA,NA,NA,NA,NA,NA,NA,NA,NA,NA,NA,NA,NA,NA,NA,NA,NA
ACR_Acropora_selago,NT,De,0.21,0.09,10,5,25,20,1,uncommon,0,0,1,0,1,0,0,1,1
ACR_Acropora_seriata,DD,DD,NA,NA,NA,NA,NA,NA,NA,NA,NA,NA,NA,NA,NA,NA,NA,NA,NA
ACR_Acropora_simplex,VU,De+Cr,0.39,0.15,10,20,60,40,0,uncommon,0,0,1,0,1,0,0,1,0
ACR_Acropora_sirikitiae,NA,NA,NA,NA,NA,NA,NA,NA,NA,NA,NA,NA,NA,NA,NA,NA,NA,NA,NA
ACR_Acropora_solitaryensis,VU,De+Cr,0.38,0.15,10,5,25,20,1,rare,0,0,1,0,1,0,0,1,0
ACR_Acropora_spathulata,LC,De,0.1,0.01,10,0,10,10,1,common,0,0,1,0,1,0,0,1,0
ACR_Acropora_speciosa,VU,De+Cr,0.35,0.14,10,12,30,18,1,uncommon,0,0,1,0,1,0,0,1,0
ACR_Acropora_spicifera,VU,De+Cr,0.35,0.14,10,2,10,8,1,uncommon,0,0,1,0,1,0,0,1,0
ACR_Acropora_squarrosa,LC,De+Cr,0.22,0.08,10,1,18,17,1,common,0,0,1,0,1,0,0,1,0
ACR_Acropora_stoddarti,DD,DD,NA,NA,NA,NA,NA,NA,NA,NA,NA,NA,NA,NA,NA,NA,NA,NA,NA
ACR_Acropora_striata,VU,De+Cr,0.36,0.14,10,10,25,15,1,rare,0,0,1,0,1,0,0,1,0
ACR_Acropora_subglabra,LC,De,0.22,0.1,10,5,25,20,1,uncommon,0,0,1,0,1,0,0,1,0
ACR_Acropora_subulata,LC,De,0.2,0.09,10,5,25,20,1,common,0,0,1,0,1,0,0,1,0
ACR_Acropora_suharsonoi,EN,De+Cr,0.66,0.24,10,15,25,10,1,uncommon,1,0,1,0,1,0,0,1,0
ACR_Acropora_sukarnoi,DD,DD,NA,NA,NA,NA,NA,NA,NA,NA,NA,NA,NA,NA,NA,NA,NA,NA,NA
ACR_Acropora_tanegashimensis,DD,DD,NA,NA,NA,NA,NA,NA,NA,NA,NA,NA,NA,NA,NA,NA,NA,NA,NA
ACR_Acropora_tenella,VU,De+Cr,0.39,0.15,10,25,70,45,0,uncommon,0,0,1,0,1,0,0,1,0
ACR_Acropora_tenuis,NT,De,0.2,0.09,10,8,20,12,1,uncommon,0,0,1,0,1,0,0,1,1
ACR_Acropora_teres,DD,DD,NA,NA,NA,NA,NA,NA,NA,NA,NA,NA,NA,NA,NA,NA,NA,NA,NA
ACR_Acropora_tizardi,DD,DD,NA,NA,NA,NA,NA,NA,NA,NA,NA,NA,NA,NA,NA,NA,NA,NA,NA
ACR_Acropora_torihalimeda,DD,DD,NA,NA,NA,NA,NA,NA,NA,NA,NA,NA,NA,NA,NA,NA,NA,NA,NA
ACR_Acropora_torresiana,DD,DD,NA,NA,NA,NA,NA,NA,NA,NA,NA,NA,NA,NA,NA,NA,NA,NA,NA
ACR_Acropora_tortuosa,LC,De,0.19,0.09,10,1,30,29,0,uncommon,0,1,1,0,1,0,0,1,0
ACR_Acropora_tumida,DD,DD,NA,NA,NA,NA,NA,NA,NA,NA,NA,NA,NA,NA,NA,NA,NA,NA,NA
ACR_Acropora_turaki,VU,De+Cr,0.41,0.15,10,10,20,10,1,uncommon,0,0,1,0,1,0,0,1,0
ACR_Acropora_tutuilensis,DD,DD,NA,NA,NA,NA,NA,NA,NA,NA,NA,NA,NA,NA,NA,NA,NA,NA,NA
ACR_Acropora_valenciennesi,LC,De,0.2,0.09,10,5,25,20,1,common,0,0,1,0,1,0,0,1,0
ACR_Acropora_valida,LC,De,0.2,0.09,10,1,15,14,1,common,0,1,1,0,1,0,0,1,1
ACR_Acropora_variabilis,DD,DD,NA,NA,NA,NA,NA,NA,NA,NA,NA,NA,NA,NA,NA,NA,NA,NA,NA
ACR_Acropora_variolosa,LC,De+Cr,0.22,0.08,10,3,15,12,1,uncommon,1,0,1,0,1,0,0,1,0
ACR_Acropora_vaughani,VU,De+Cr,0.35,0.14,10,3,20,17,1,uncommon,0,0,1,0,1,0,0,1,0
ACR_Acropora_vermiculata,DD,DD,NA,NA,NA,NA,NA,NA,NA,NA,NA,NA,NA,NA,NA,NA,NA,NA,NA
ACR_Acropora_verweyi,VU,De+Cr,0.37,0.15,10,2,15,13,1,common,0,0,1,0,1,0,0,1,0
ACR_Acropora_walindii,VU,De+Cr,0.38,0.15,10,8,30,22,0,rare,0,0,1,0,1,0,0,1,0
ACR_Acropora_wallaceae,DD,DD,NA,NA,NA,NA,NA,NA,NA,NA,NA,NA,NA,NA,NA,NA,NA,NA,NA
ACR_Acropora_willisae,VU,De+Cr,0.39,0.15,10,10,20,10,1,uncommon,0,0,1,0,1,0,0,1,0
ACR_Acropora_yongei,LC,De,0.22,0.1,10,5,20,15,1,common,0,0,1,0,1,0,0,1,0
ACR_Anacropora_forbesi,LC,De,0.19,0.09,10,2,25,23,0,uncommon,0,0,1,0,1,0,0,0,0
ACR_Anacropora_matthai,VU,De+Cr,0.41,0.16,10,8,20,12,1,rare,0,0,1,0,1,0,0,0,0
ACR_Anacropora_pillai,DD,DD,NA,NA,NA,NA,NA,NA,NA,NA,NA,NA,NA,NA,NA,NA,NA,NA,NA
ACR_Anacropora_puertogalerae,VU,De+Cr,0.38,0.15,10,5,20,15,1,uncommon,0,0,1,0,1,0,0,0,0
ACR_Anacropora_reticulata,VU,De+Cr,0.39,0.15,10,3,15,12,1,rare,0,0,0,0,0,0,0,0,0
ACR_Anacropora_spinosa,EN,De+Cr,0.58,0.22,10,5,15,10,1,uncommon,0,0,1,0,1,0,0,0,0
ACR_Anacropora_spumosa,DD,DD,NA,NA,NA,NA,NA,NA,NA,NA,NA,NA,NA,NA,NA,NA,NA,NA,NA
ACR_Astreopora_acroporina,NA,NA,NA,NA,NA,NA,NA,NA,NA,NA,NA,NA,NA,NA,NA,NA,NA,NA,NA
ACR_Astreopora_cenderawasih,NA,NA,NA,NA,NA,NA,NA,NA,NA,NA,NA,NA,NA,NA,NA,NA,NA,NA,NA
ACR_Astreopora_cucullata,VU,De+Cr,0.34,0.13,10,5,15,10,1,rare,0,0,1,0,1,0,0,0,0
ACR_Astreopora_eliptica,DD,DD,NA,NA,NA,NA,NA,NA,NA,NA,NA,NA,NA,NA,NA,NA,NA,NA,NA
ACR_Astreopora_expansa,NT,De,0.22,0.1,10,5,15,10,1,uncommon,0,0,1,0,1,0,0,0,0
ACR_Astreopora_gracilis,LC,De,0.18,0.08,10,5,15,10,1,uncommon,0,0,1,0,1,0,0,0,0
ACR_Astreopora_incrustans,VU,De+Cr,0.41,0.16,10,1,10,9,1,rare,0,0,1,0,1,0,0,0,0
ACR_Astreopora_listeri,LC,De,0.2,0.09,10,5,20,15,1,common,0,0,1,0,1,0,0,0,0
ACR_Astreopora_macrostoma,NT,De,0.22,0.1,10,5,15,10,1,uncommon,0,0,1,0,1,0,0,0,0
ACR_Astreopora_montiporina,NA,NA,NA,NA,NA,NA,NA,NA,NA,NA,NA,NA,NA,NA,NA,NA,NA,NA,NA
ACR_Astreopora_moretonensis,VU,De+Cr,0.35,0.14,10,2,15,13,1,rare,1,0,1,0,1,0,0,0,0
ACR_Astreopora_myriophthalma,LC,De,0.2,0.09,10,3,20,17,1,common,0,0,1,0,1,0,0,0,0
ACR_Astreopora_ocellata,LC,De,0.21,0.1,10,5,20,15,1,rare,0,0,0,1,1,0,0,0,0
ACR_Astreopora_randalli,LC,De,0.19,0.09,10,5,15,10,1,uncommon,0,0,0,1,0,1,0,0,0
ACR_Astreopora_scabra,LC,De+Cr,0.06,0.04,10,3,15,12,1,uncommon,0,0,0,1,0,1,0,0,0
ACR_Astreopora_suggesta,LC,De,0.18,0.08,10,5,15,10,1,uncommon,0,0,1,0,1,0,0,0,0
ACR_Enigmopora_darveliensis,DD,DD,NA,NA,NA,NA,NA,NA,NA,NA,NA,NA,NA,NA,NA,NA,NA,NA,NA
ACR_Isopora_brueggemanni,VU,De+Cr,0.39,0.15,10,1,15,14,1,common,0,0,1,0,1,0,0,0,0
ACR_Isopora_crateriformis,VU,De+Cr,0.38,0.14,10,1,15,14,1,common,0,0,0,1,0,0,0,1,0
ACR_Isopora_cuneata,VU,De+Cr,0.37,0.15,10,0,15,15,1,common,0,0,1,0,1,0,0,1,0
ACR_Isopora_cylindrica,DD,DD,NA,NA,NA,NA,NA,NA,NA,NA,NA,NA,NA,NA,NA,NA,NA,NA,NA
ACR_Isopora_elizabethensis,DD,DD,NA,NA,NA,NA,NA,NA,NA,NA,NA,NA,NA,NA,NA,NA,NA,NA,NA
ACR_Isopora_meridiana,DD,DD,NA,NA,NA,NA,NA,NA,NA,NA,NA,NA,NA,NA,NA,NA,NA,NA,NA
ACR_Isopora_palifera,NT,De,0.21,0.1,10,2,20,18,1,common,0,0,1,0,1,0,0,0,0
ACR_Isopora_togianensis,EN,De+Cr,0.66,0.24,10,8,20,12,1,uncommon,1,0,1,0,1,0,0,0,0
ACR_Montipora_aequituberculata,LC,De,0.2,0.09,10,0,30,30,0,common,0,0,1,0,0,0,1,1,0
ACR_Montipora_altasepta,VU,De+Cr,0.36,0.14,10,1,10,9,1,uncommon,0,0,1,0,0,0,1,1,0
ACR_Montipora_angulata,VU,De+Cr,0.39,0.16,10,1,20,19,1,rare,0,0,1,0,0,0,1,1,0
ACR_Montipora_aspergillus,DD,DD,NA,NA,NA,NA,NA,NA,NA,NA,NA,NA,NA,NA,NA,NA,NA,NA,NA
ACR_Montipora_australiensis,VU,De+Cr,0.37,0.14,10,2,30,28,0,rare,0,0,1,0,0,0,1,1,0
ACR_Montipora_cactus,VU,De+Cr,0.38,0.15,10,2,20,18,1,uncommon,0,0,1,0,0,0,1,1,0
ACR_Montipora_calcarea,VU,De+Cr,0.34,0.13,10,0,20,20,1,uncommon,0,0,1,0,0,0,1,1,0
ACR_Montipora_caliculata,VU,De+Cr,0.36,0.14,10,1,20,19,1,uncommon,0,0,1,0,0,0,1,1,0
ACR_Montipora_capitata,NT,De,0.19,0.09,10,0,20,20,1,uncommon,0,0,1,0,1,0,1,1,0
ACR_Montipora_capricornis,VU,De+Cr,0.36,0.14,10,2,20,18,1,uncommon,0,0,1,0,0,0,1,1,0
ACR_Montipora_cebuensis,VU,De+Cr,0.36,0.14,10,2,20,18,1,uncommon,0,0,1,0,0,0,1,1,0
ACR_Montipora_circumvallata,LC,De+Cr,0.14,0.08,10,2,20,18,1,uncommon,1,0,1,0,0,0,1,1,0
ACR_Montipora_cocosensis,VU,De+Cr,0.35,0.14,10,0,15,15,1,rare,0,0,1,0,0,0,1,1,0
ACR_Montipora_confusa,NT,De,0.2,0.09,10,1,30,29,0,uncommon,0,0,1,0,0,0,1,1,0
ACR_Montipora_corbettensis,VU,De+Cr,0.37,0.14,10,2,20,18,1,uncommon,0,0,1,0,0,0,1,1,0
ACR_Montipora_crassituberculata,VU,De+Cr,0.37,0.15,10,1,20,19,1,uncommon,0,0,1,0,0,0,1,1,0
ACR_Montipora_cryptus,NT,De+Cr,0.22,0.08,10,0,20,20,1,common,1,0,1,0,0,0,1,1,0
ACR_Montipora_danae,LC,De,0.2,0.09,10,0,40,40,0,common,0,0,1,0,0,0,1,1,0
ACR_Montipora_delicatula,VU,De+Cr,0.38,0.15,10,2,15,13,1,uncommon,0,0,1,0,0,0,1,1,0
ACR_Montipora_digitata,LC,De,0.21,0.1,10,0,5,5,1,common,0,0,1,0,0,0,1,1,1
ACR_Montipora_dilatata,EN,B,NA,NA,NA,1,10,9,1,common,1,0,1,0,0,0,1,1,0
ACR_Montipora_echinata,DD,DD,NA,NA,NA,NA,NA,NA,NA,NA,NA,NA,NA,NA,NA,NA,NA,NA,NA
ACR_Montipora_efflorescens,NT,De,0.2,0.09,10,1,20,19,1,uncommon,0,0,1,0,0,0,1,1,0
ACR_Montipora_effusa,NT,De,0.22,0.1,10,1,20,19,1,uncommon,0,0,1,0,0,0,1,1,0
ACR_Montipora_flabellata,VU,D,NA,NA,NA,1,10,9,1,common,1,0,1,0,0,0,1,1,0
ACR_Montipora_florida,VU,De+Cr,0.41,0.15,10,2,20,18,1,uncommon,0,0,1,0,0,0,1,1,0
ACR_Montipora_floweri,LC,De,0.2,0.09,10,1,30,29,0,uncommon,0,0,1,0,0,0,1,1,0
ACR_Montipora_foliosa,NT,De,0.2,0.09,10,2,20,18,1,common,0,0,1,0,0,0,1,1,1
ACR_Montipora_foveolata,NT,De,0.21,0.1,10,1,25,24,0,uncommon,0,0,1,0,0,0,1,1,0
ACR_Montipora_friabilis,VU,De+Cr,0.4,0.15,10,1,20,19,1,uncommon,0,0,1,0,0,0,1,1,0
ACR_Montipora_gaimardi,VU,De,0.33,0.15,10,2,15,13,1,uncommon,0,0,1,0,0,0,1,1,0
ACR_Montipora_grisea,LC,De,0.21,0.1,10,3,20,17,1,common,0,0,1,0,0,0,1,1,0
ACR_Montipora_hemispherica,DD,DD,NA,NA,NA,NA,NA,NA,NA,NA,NA,NA,NA,NA,NA,NA,NA,NA,NA
ACR_Montipora_hirsuta,NT,De,0.2,0.09,10,0,15,15,1,common,0,0,1,0,0,0,1,1,0
ACR_Montipora_hispida,LC,De,0.2,0.09,10,1,40,39,0,common,0,0,1,0,0,0,1,1,0
ACR_Montipora_hodgsoni,VU,De+Cr,0.38,0.15,10,1,20,19,1,uncommon,0,0,1,0,1,0,1,1,0
ACR_Montipora_hoffmeisteri,LC,De,0.19,0.09,10,2,40,38,0,common,0,0,1,0,0,0,1,1,0
ACR_Montipora_incrassata,NT,De,0.21,0.09,10,1,30,29,0,uncommon,0,0,1,0,0,0,1,1,0
ACR_Montipora_informis,LC,De,0.2,0.09,10,1,20,19,1,common,0,0,1,0,0,0,1,1,0
ACR_Montipora_kellyi,DD,DD,NA,NA,NA,NA,NA,NA,NA,NA,NA,NA,NA,NA,NA,NA,NA,NA,NA
ACR_Montipora_lobulata,VU,De+Cr,0.35,0.15,10,1,20,19,1,rare,0,0,1,0,1,0,1,1,0
ACR_Montipora_mactanensis,VU,De+Cr,0.41,0.16,10,2,20,18,1,uncommon,0,0,1,0,1,0,1,1,0
ACR_Montipora_malampaya,VU,De+Cr,0.38,0.15,10,0,15,15,1,uncommon,0,0,1,0,1,0,1,1,0
ACR_Montipora_meandrina,VU,De+Cr,0.38,0.14,10,1,20,19,1,common,0,0,1,0,1,0,1,1,0
ACR_Montipora_millepora,LC,De,0.2,0.09,10,2,30,28,0,common,0,0,1,0,0,0,1,1,0
ACR_Montipora_mollis,LC,De,0.21,0.09,10,1,40,39,0,common,0,0,1,0,0,0,1,1,0
ACR_Montipora_monasteriata,LC,De,0.2,0.09,10,1,40,39,0,common,0,0,1,0,0,0,1,1,0
ACR_Montipora_niugini,NT,De,0.19,0.09,10,5,35,30,0,uncommon,0,0,1,0,0,0,1,1,0
ACR_Montipora_nodosa,NT,De,0.18,0.09,10,1,30,29,0,uncommon,0,0,1,0,0,0,1,1,0
ACR_Montipora_orientalis,VU,De+Cr,0.4,0.15,10,2,20,18,1,rare,0,0,1,0,1,0,1,1,0
ACR_Montipora_pachytuberculata,DD,DD,NA,NA,NA,NA,NA,NA,NA,NA,NA,NA,NA,NA,NA,NA,NA,NA,NA
ACR_Montipora_palawanensis,NT,De,0.2,0.09,10,2,40,38,0,uncommon,0,0,1,0,0,0,1,1,0
ACR_Montipora_patula,VU,D,NA,NA,NA,1,10,9,1,abundant,1,0,1,0,1,0,1,1,0
ACR_Montipora_peltiformis,NT,De,0.2,0.09,10,1,30,29,0,uncommon,0,0,1,0,0,0,1,1,0
ACR_Montipora_porites,NT,De,0.23,0.1,10,2,25,23,0,uncommon,0,0,1,0,0,0,1,1,0
ACR_Montipora_samarensis,VU,De+Cr,0.36,0.14,10,0,15,15,1,uncommon,0,0,1,0,1,0,1,1,0
ACR_Montipora_saudii,NT,De+Cr,0.06,0.06,10,1,8,7,1,uncommon,1,0,1,0,1,0,1,1,0
ACR_Montipora_setosa,EN,De+Cr,0.66,0.24,10,2,20,18,1,rare,0,0,1,0,1,0,1,1,0
ACR_Montipora_spongiosa,LC,De+Cr,0.06,0.06,10,1,20,19,1,uncommon,1,0,1,0,1,0,1,1,0
ACR_Montipora_spongodes,LC,De,0.2,0.09,10,1,25,24,0,common,0,1,1,0,0,0,1,1,1
ACR_Montipora_spumosa,LC,De,0.2,0.09,10,1,30,29,0,common,0,0,1,0,0,0,1,1,0
ACR_Montipora_stellata,LC,De,0.19,0.08,10,0,20,20,1,common,0,0,1,0,0,0,1,1,0
ACR_Montipora_stilosa,VU,De+Cr,0.35,0.15,10,0,25,25,0,rare,0,0,1,0,1,0,1,1,0
ACR_Montipora_taiwanensis,DD,DD,NA,NA,NA,NA,NA,NA,NA,NA,NA,NA,NA,NA,NA,NA,NA,NA,NA
ACR_Montipora_tuberculosa,LC,De,0.2,0.09,10,0,40,40,0,common,0,0,1,0,0,0,1,1,0
ACR_Montipora_turgescens,LC,De,0.2,0.09,10,0,30,30,0,common,0,0,1,0,0,0,1,1,0
ACR_Montipora_turtlensis,VU,De+Cr,0.36,0.14,10,1,20,19,1,uncommon,0,0,1,0,1,0,1,1,0
ACR_Montipora_undata,NT,De,0.21,0.1,10,2,30,28,0,uncommon,0,0,1,0,0,0,1,1,0
ACR_Montipora_vaughani,DD,DD,NA,NA,NA,NA,NA,NA,NA,NA,NA,NA,NA,NA,NA,NA,NA,NA,NA
ACR_Montipora_venosa,NT,De,0.2,0.09,10,0,30,30,0,uncommon,0,0,1,0,0,0,1,1,0
ACR_Montipora_verrilli,DD,DD,NA,NA,NA,NA,NA,NA,NA,NA,NA,NA,NA,NA,NA,NA,NA,NA,NA
ACR_Montipora_verrucosa,LC,De,0.2,0.09,10,1,30,29,0,uncommon,0,0,1,0,0,0,1,1,1
ACR_Montipora_verruculosus,VU,De+Cr,0.38,0.15,10,2,20,18,1,uncommon,0,0,1,0,1,0,1,1,0
ACR_Montipora_vietnamensis,VU,De+Cr,0.38,0.15,10,1,15,14,1,uncommon,0,0,1,0,1,0,1,1,0
AGA_Agaricia_agaricites,LC,De,0.1,0.21,10,0.5,75,74.5,0,common,0,1,1,0,1,0,1,0,0
AGA_Agaricia_fragilis,DD,DD,NA,NA,NA,NA,NA,NA,NA,NA,NA,NA,NA,NA,NA,NA,NA,NA,NA
AGA_Agaricia_grahamae,LC,De,0.1,0.21,10,20,115,95,0,common,0,0,1,0,1,0,0,0,0
AGA_Agaricia_humilis,LC,De,0.1,0.21,10,5,20,15,1,common,0,0,1,0,1,0,0,0,0
AGA_Agaricia_lamarcki,VU,De+Cr,0.38,0.11,10,10,76,66,0,common,0,0,1,0,1,0,0,0,0
AGA_Agaricia_tenuifolia,NT,De,0.14,0.21,10,1,15,14,1,common,0,0,1,0,1,0,1,0,0
AGA_Agaricia_undata,DD,DD,NA,NA,NA,NA,NA,NA,NA,NA,NA,NA,NA,NA,NA,NA,NA,NA,NA
AGA_Coeloseris_mayeri,LC,De,0.21,0.1,10,1,5,4,1,common,0,0,0,0,0,0,0,0,0
AGA_Gardineroseris_planulata,LC,De,0.2,0.09,10,2,30,28,0,uncommon,0,0,1,0,0,0,0,1,0
AGA_Helioseris_cucullata,LC,De,0.1,0.21,10,10,40,30,0,uncommon,0,0,1,0,1,0,0,0,0
AGA_Leptoseris_amitoriensis,NT,De,0.23,0.1,10,15,30,15,1,rare,0,0,0,0,0,0,0,0,0
AGA_Leptoseris_cailleti,LC,De,0.1,0.21,10,30,150,120,0,uncommon,0,0,0,0,0,0,0,0,0
AGA_Leptoseris_explanata,LC,De,0.2,0.09,10,15,30,15,1,common,0,0,0,0,0,0,0,0,0
AGA_Leptoseris_foliosa,LC,De,0.21,0.09,10,15,30,15,1,uncommon,0,0,0,0,0,0,0,0,0
AGA_Leptoseris_gardineri,LC,De,0.22,0.1,10,10,30,20,1,uncommon,0,0,0,0,0,0,0,0,0
AGA_Leptoseris_hawaiiensis,LC,De,0.2,0.09,10,15,30,15,1,uncommon,0,0,0,0,0,0,0,0,0
AGA_Leptoseris_incrustans,VU,De+Cr,0.35,0.14,10,10,20,10,1,uncommon,0,0,0,0,0,0,0,0,0
AGA_Leptoseris_mycetoseroides,LC,De,0.2,0.09,10,10,30,20,1,common,0,0,0,0,0,0,0,0,0
AGA_Leptoseris_papyracea,LC,De,0.21,0.1,10,1,25,24,0,uncommon,0,1,1,0,0,0,0,0,0
AGA_Leptoseris_scabra,LC,De,0.2,0.09,10,8,30,22,0,uncommon,0,0,0,0,0,0,1,0,0
AGA_Leptoseris_solida,LC,De,0.19,0.09,10,10,30,20,1,uncommon,0,0,0,0,0,0,0,0,0
AGA_Leptoseris_striata,NT,De,0.2,0.09,10,15,30,15,1,rare,0,0,0,0,0,0,0,0,0
AGA_Leptoseris_tubulifera,LC,De,0.2,0.09,10,15,25,10,1,uncommon,0,0,0,0,0,0,0,0,0
AGA_Leptoseris_yabei,VU,De+Cr,0.36,0.15,10,6,20,14,1,uncommon,0,0,0,0,0,0,0,0,0
AGA_Pachyseris_foliosa,LC,De,0.2,0.09,10,10,25,15,1,uncommon,0,0,0,0,0,0,0,0,0
AGA_Pachyseris_gemmae,NT,De,0.2,0.09,10,10,25,15,1,rare,0,0,0,0,0,0,0,0,0
AGA_Pachyseris_involuta,VU,De+Cr,0.41,0.15,10,5,15,10,1,rare,1,0,0,0,0,0,0,0,0
AGA_Pachyseris_rugosa,VU,De+Cr,0.36,0.14,10,5,20,15,1,common,0,0,1,0,0,0,0,0,1
AGA_Pachyseris_speciosa,LC,De,0.2,0.09,10,4,25,21,0,common,0,0,0,0,0,0,0,0,0
AGA_Pavona_bipartita,VU,De+Cr,0.34,0.14,10,3,20,17,1,uncommon,0,0,0,0,0,0,0,0,0
AGA_Pavona_cactus,VU,De+Cr,0.36,0.15,10,3,20,17,1,common,0,0,1,0,0,0,0,0,1
AGA_Pavona_chiriquiensis,LC,De,0.1,0.03,10,3,30,27,0,uncommon,1,0,0,0,0,0,0,1,0
AGA_Pavona_clavus,LC,De,0.2,0.09,10,2,15,13,1,common,0,0,1,0,0,0,0,0,0
AGA_Pavona_danai,VU,De,0.32,0.14,10,0.5,15,14.5,1,uncommon,0,0,0,0,0,0,0,0,0
AGA_Pavona_decussata,VU,De+Cr,0.36,0.15,10,3,15,12,1,common,0,0,0,0,0,0,0,0,0
AGA_Pavona_diffluens,VU,De+Cr,0.36,0.2,10,5,20,15,1,uncommon,1,0,0,0,0,0,0,0,0
AGA_Pavona_duerdeni,LC,De,0.2,0.09,10,3,15,12,1,uncommon,0,0,0,0,0,0,0,1,0
AGA_Pavona_explanulata,LC,De,0.2,0.09,10,3,25,22,0,common,0,0,0,0,0,0,0,1,0
AGA_Pavona_frondifera,LC,De,0.2,0.09,10,3,15,12,1,common,0,1,0,0,0,0,0,1,0
AGA_Pavona_gigantea,LC,De,0.1,0.03,10,1,30,29,0,common,1,0,1,0,0,0,0,1,0
AGA_Pavona_maldivensis,LC,De,0.2,0.09,10,5,20,15,1,common,0,1,0,0,0,0,0,1,0
AGA_Pavona_minuta,NT,De,0.22,0.09,10,6,25,19,1,uncommon,0,0,1,0,0,0,0,1,0
AGA_Pavona_varians,LC,De,0.2,0.09,10,2,80,78,0,common,0,1,0,0,0,0,0,1,0
AGA_Pavona_venosa,VU,De+Cr,0.37,0.15,10,2,20,18,1,common,0,0,0,0,0,0,0,0,0
AGA_Pavona_xarifae,DD,DD,NA,NA,NA,NA,NA,NA,NA,NA,NA,NA,NA,NA,NA,NA,NA,NA,NA
AST_Madracis_asanoi,DD,DD,NA,NA,NA,NA,NA,NA,NA,NA,NA,NA,NA,NA,NA,NA,NA,NA,NA
AST_Madracis_asperula,DD,DD,NA,NA,NA,NA,NA,NA,NA,NA,NA,NA,NA,NA,NA,NA,NA,NA,NA
AST_Madracis_auretenra,LC,De,0.1,0.21,10,3,40,37,0,common,0,0,0,0,1,0,0,0,0
AST_Madracis_carmabi,DD,DD,NA,NA,NA,NA,NA,NA,NA,NA,NA,NA,NA,NA,NA,NA,NA,NA,NA
AST_Madracis_decactis,LC,De,0.1,0.21,10,5,98,93,0,common,0,0,1,0,1,0,1,0,0
AST_Madracis_formosa,LC,De,0.1,0.21,10,15,30,15,1,uncommon,0,0,0,0,1,0,0,0,0
AST_Madracis_kirbyi,LC,De,0.2,0.09,10,1,60,59,0,uncommon,0,0,0,0,0,0,0,0,0
AST_Madracis_pharensis,LC,De,0.1,0.21,10,5,99,94,0,common,0,1,0,0,0,0,0,0,0
AST_Madracis_senaria,LC,De,0.1,0.21,10,12,30,18,1,common,0,0,0,0,0,0,0,0,0
AST_Palauastrea_ramosa,NT,De,0.22,0.1,10,1,30,29,0,uncommon,0,0,0,0,0,0,0,0,0
AST_Stephanocoenia_intersepta,LC,De,0.1,0.21,10,1,100,99,0,common,0,0,1,0,1,0,0,0,0
AST_Stylocoeniella_armata,LC,De,0.2,0.09,10,1,50,49,0,common,0,0,0,0,0,0,0,0,0
AST_Stylocoeniella_cocosensis,VU,De+Cr,0.41,0.16,10,2,10,8,1,rare,0,0,0,0,0,0,0,0,0
AST_Stylocoeniella_guentheri,LC,De,0.2,0.09,10,3,50,47,0,common,0,0,0,0,0,0,0,0,0
AST_Stylocoeniella_muscosus,DD,DD,NA,NA,NA,NA,NA,NA,NA,NA,NA,NA,NA,NA,NA,NA,NA,NA,NA
AST_Stylocoeniella_nikei,NA,NA,NA,NA,NA,NA,NA,NA,NA,NA,NA,NA,NA,NA,NA,NA,NA,NA,NA
CAR_Heterocyathus_aequicostatus,LC,De,0.2,0.09,10,15,100,85,0,common,0,1,0,0,0,0,0,0,0
CAR_Heterocyathus_alternatus,LC,De,0.24,0.1,10,15,100,85,0,common,1,1,0,0,0,0,0,0,0
CAR_Heterocyathus_sulcatus,LC,De,0.25,0.11,10,15,100,85,0,common,1,1,0,0,0,0,0,0,0
DEN_Balanophyllia_europaea,DD,DD,NA,NA,NA,NA,NA,NA,NA,NA,NA,NA,NA,NA,NA,NA,NA,NA,NA
DEN_Duncanopsammia_axifuga,NT,De,0.23,0.1,10,8,30,22,0,rare,0,0,0,0,0,0,0,0,0
DEN_Heteropsammia_cochleata,LC,De,0.21,0.09,4,10,100,90,0,common,0,1,0,0,0,0,0,0,0
DEN_Heteropsammia_eupsammides,NT,De,0.23,0.1,10,15,25,10,1,rare,0,1,0,0,0,0,0,0,0
DEN_Turbinaria_bifrons,VU,De+Cr,0.38,0.15,10,2,25,23,0,uncommon,0,0,1,0,0,0,0,0,0
DEN_Turbinaria_conspicua,LC,De+Cr,0.05,0.03,10,2,20,18,1,rare,0,0,0,0,0,0,0,0,0
DEN_Turbinaria_crater,NA,NA,NA,NA,NA,NA,NA,NA,NA,NA,NA,NA,NA,NA,NA,NA,NA,NA,NA
DEN_Turbinaria_frondens,LC,De,0.2,0.09,10,7,20,13,1,common,0,0,0,0,0,0,0,0,0
DEN_Turbinaria_heronensis,VU,De+Cr,0.38,0.15,10,5,15,10,1,rare,0,0,0,0,0,0,0,0,0
DEN_Turbinaria_irregularis,LC,De,0.22,0.1,10,5,20,15,1,common,0,0,0,0,0,0,0,0,0
DEN_Turbinaria_mesenterina,VU,De+Cr,0.36,0.15,10,3,20,17,1,common,0,0,0,0,0,0,0,0,1
DEN_Turbinaria_patula,VU,De+Cr,0.36,0.14,10,7,20,13,1,uncommon,0,0,0,0,0,0,0,0,0
DEN_Turbinaria_peltata,VU,De+Cr,0.36,0.15,10,0.5,25,24.5,0,common,0,0,0,0,0,0,0,0,1
DEN_Turbinaria_radicalis,NT,De,0.2,0.09,10,2,25,23,0,rare,0,0,0,0,0,0,0,0,0
DEN_Turbinaria_reniformis,VU,De+Cr,0.36,0.15,10,2,15,13,1,uncommon,0,0,0,0,0,0,0,0,0
DEN_Turbinaria_stellulata,VU,De+Cr,0.36,0.14,10,2,15,13,1,uncommon,0,0,0,0,0,0,0,0,0
EUP_Catalaphyllia_jardinei,VU,De+Cr,0.36,0.14,10,0,40,40,0,rare,0,0,0,0,0,0,0,0,1
EUP_Euphyllia_ancora,VU,De+Cr,0.4,0.16,10,6,30,24,0,common,0,0,0,0,0,0,0,0,1
EUP_Euphyllia_cristata,VU,De+Cr,0.36,0.14,10,1,35,34,0,common,0,0,0,0,0,0,0,0,1
EUP_Euphyllia_divisa,NT,De,0.2,0.09,10,2,35,33,0,common,0,0,0,0,0,0,0,0,0
EUP_Euphyllia_glabrescens,NT,De,0.21,0.09,10,1,35,34,0,common,0,0,0,0,0,0,0,0,1
EUP_Euphyllia_paraancora,VU,De+Cr,0.36,0.14,10,3,30,27,0,uncommon,0,0,0,0,0,0,0,0,1
EUP_Euphyllia_paradivisa,VU,De+Cr,0.38,0.15,10,5,20,15,1,uncommon,0,0,0,0,0,0,0,0,1
EUP_Euphyllia_paraglabrescens,VU,De+Cr,0.41,0.16,10,5,15,10,1,rare,1,0,0,0,0,0,0,0,0
EUP_Euphyllia_yaeyamaensis,NT,De,0.19,0.09,10,6,30,24,0,uncommon,0,0,0,0,0,0,0,0,0
EUP_Nemenzophyllia_turbida,VU,De+Cr,0.38,0.15,10,8,30,22,0,rare,0,0,0,0,0,0,0,0,1
EUP_Physogyra_lichtensteini,VU,De+Cr,0.37,0.15,10,1,20,19,1,common,0,0,0,0,0,0,0,0,1
EUP_Plerogyra_cauliformis,DD,DD,NA,NA,NA,NA,NA,NA,NA,NA,NA,NA,NA,NA,NA,NA,NA,NA,NA
EUP_Plerogyra_diabolotus,DD,DD,NA,NA,NA,NA,NA,NA,NA,NA,NA,NA,NA,NA,NA,NA,NA,NA,NA
EUP_Plerogyra_discus,VU,De+Cr,0.38,0.15,10,8,15,7,1,rare,0,0,0,0,0,0,0,0,0
EUP_Plerogyra_multilobata,DD,DD,NA,NA,NA,NA,NA,NA,NA,NA,NA,NA,NA,NA,NA,NA,NA,NA,NA
EUP_Plerogyra_simplex,NT,De,0.19,0.09,10,3,30,27,0,common,0,0,0,0,0,0,0,0,1
EUP_Plerogyra_sinuosa,NT,De,0.2,0.09,10,3,35,32,0,common,0,0,0,0,0,0,0,0,1
FAV_Australogyra_zelli,VU,De+Cr,0.38,0.15,10,1,15,14,1,uncommon,0,0,0,0,0,0,0,0,0
FAV_Barabattoia_amicorum,LC,De,0.2,0.09,10,0,20,20,1,uncommon,0,0,0,1,0,0,0,0,0
FAV_Barabattoia_laddi,VU,De+Cr,0.35,0.14,10,0,10,10,1,common,0,0,0,0,0,0,0,0,0
FAV_Caulastraea_connata,VU,De+Cr,0.35,0.15,10,0,10,10,1,rare,1,0,0,0,0,0,0,0,0
FAV_Caulastraea_curvata,VU,De+Cr,0.36,0.14,10,0,20,20,1,uncommon,0,0,0,0,0,0,0,0,1
FAV_Caulastraea_echinulata,VU,De+Cr,0.36,0.14,10,1,18,17,1,uncommon,0,0,0,0,0,0,0,0,1
FAV_Caulastraea_furcata,LC,De,0.19,0.09,10,2,30,28,0,common,0,0,0,1,0,0,0,0,0
FAV_Caulastraea_tumida,NT,De,0.2,0.09,10,2,20,18,1,common,0,0,0,0,0,0,0,0,1
FAV_Cladocora_arbuscula,LC,De,0.1,0.21,10,1,25,24,0,common,0,1,0,0,0,0,0,0,0
FAV_Cladocora_caespitosa,DD,DD,NA,NA,NA,NA,NA,NA,NA,NA,NA,NA,NA,NA,NA,NA,NA,NA,NA
FAV_Colpophyllia_amaranthus,NA,NA,NA,NA,NA,NA,NA,NA,NA,NA,NA,NA,NA,NA,NA,NA,NA,NA,NA
FAV_Colpophyllia_breviserialis,NA,NA,NA,NA,NA,NA,NA,NA,NA,NA,NA,NA,NA,NA,NA,NA,NA,NA,NA
FAV_Colpophyllia_natans,LC,De,0.1,0.21,10,0.5,55,54.5,0,common,0,0,1,0,1,0,1,0,0
FAV_Cyphastrea_agassizi,VU,De+Cr,0.36,0.14,10,3,20,17,1,uncommon,0,0,0,0,0,0,0,0,0
FAV_Cyphastrea_chalcidicum,LC,De,0.25,0.12,10,0,50,50,0,common,0,1,0,0,0,0,0,0,0
FAV_Cyphastrea_decadia,LC,De,0.19,0.09,10,3,40,37,0,uncommon,0,1,0,0,0,0,0,0,0
FAV_Cyphastrea_hexasepta,VU,De+Cr,0.32,0.15,10,8,25,17,1,rare,1,0,0,0,0,0,0,0,0
FAV_Cyphastrea_japonica,LC,De,0.23,0.1,10,2,20,18,1,uncommon,0,1,0,0,0,0,0,0,0
FAV_Cyphastrea_microphthalma,LC,De,0.2,0.09,10,0,30,30,0,common,0,1,0,1,0,0,0,0,0
FAV_Cyphastrea_ocellina,VU,De+Cr,0.36,0.14,10,5,20,15,1,uncommon,0,0,0,0,0,0,0,0,0
FAV_Cyphastrea_serailia,LC,De,0.2,0.09,10,0,50,50,0,common,0,1,1,0,0,0,1,0,0
FAV_Diploastrea_heliopora,NT,De,0.2,0.09,20,0,30,30,0,uncommon,0,0,0,0,0,0,0,0,1
FAV_Diploria_clivosa,LC,De,0.1,0.21,10,0,15,15,1,common,0,0,0,0,0,0,0,0,0
FAV_Diploria_labyrinthiformis,LC,De,0.1,0.21,10,1,43,42,0,common,0,0,1,0,0,0,1,0,0
FAV_Diploria_strigosa,LC,De,0.1,0.21,10,0.5,55,54.5,0,common,0,0,1,0,1,0,1,0,0
FAV_Echinopora_ashmorensis,VU,De+Cr,0.41,0.15,10,3,20,17,1,rare,0,0,0,0,0,0,0,0,0
FAV_Echinopora_forskaliana,NT,De+Cr,0.22,0.08,10,1,20,19,1,uncommon,1,0,0,0,0,0,0,0,0
FAV_Echinopora_fruticulosa,NT,De+Cr,0.22,0.08,10,1,20,19,1,common,1,0,0,0,0,0,0,0,0
FAV_Echinopora_gemmacea,LC,De,0.2,0.09,10,0,40,40,0,common,0,1,0,0,0,0,0,0,0
FAV_Echinopora_grandicula,DD,DD,NA,NA,NA,NA,NA,NA,NA,NA,NA,NA,NA,NA,NA,NA,NA,NA,NA
FAV_Echinopora_hirsutissima,LC,De,0.2,0.09,10,0,40,40,0,uncommon,0,1,0,0,0,0,0,0,0
FAV_Echinopora_horrida,NT,De,0.22,0.09,10,3,25,22,0,uncommon,0,0,0,0,0,0,0,0,0
FAV_Echinopora_irregularis,DD,DD,NA,NA,NA,NA,NA,NA,NA,NA,NA,NA,NA,NA,NA,NA,NA,NA,NA
FAV_Echinopora_lamellosa,LC,De,0.2,0.09,10,1,40,39,0,common,0,1,0,0,0,0,0,0,0
FAV_Echinopora_mammiformis,NT,De,0.18,0.09,10,3,15,12,1,common,0,0,0,0,0,0,0,0,0
FAV_Echinopora_pacificus,NT,De,0.19,0.09,10,1,15,14,1,common,0,1,0,0,0,0,0,0,0
FAV_Echinopora_robusta,VU,De,0.34,0.15,10,1,25,24,0,uncommon,1,0,0,0,0,0,0,0,0
FAV_Echinopora_taylorae,NT,De,0.25,0.1,10,NA,NA,NA,NA,rare,0,0,0,0,0,0,0,0,0
FAV_Echinopora_tiranensis,DD,DD,NA,NA,NA,NA,NA,NA,NA,NA,NA,NA,NA,NA,NA,NA,NA,NA,NA
FAV_Erythrastrea_flabellata,NT,De,0.25,0.1,10,5,25,20,1,common,1,0,0,0,0,0,0,0,0
FAV_Favia_albidus,NT,De+Cr,0.14,0.08,10,2,10,8,1,uncommon,1,0,0,1,0,0,0,0,0
FAV_Favia_danae,LC,De,0.18,0.09,10,3,20,17,1,uncommon,0,1,0,1,0,0,0,0,0
FAV_Favia_favus,LC,De,0.2,0.09,10,0,50,50,0,common,0,1,0,1,0,0,0,0,0
FAV_Favia_fragum,LC,De,0.1,0.21,10,0.5,20,19.5,1,common,0,1,0,1,0,0,0,0,0
FAV_Favia_gravida,NA,NA,NA,NA,NA,NA,NA,NA,NA,NA,NA,NA,NA,NA,NA,NA,NA,NA,NA
FAV_Favia_helianthoides,NT,De,0.2,0.09,10,1,20,19,1,uncommon,0,1,0,1,0,0,0,0,0
FAV_Favia_lacuna,NT,De+Cr,0.22,0.08,10,1,15,14,1,uncommon,1,0,0,1,0,0,0,0,0
FAV_Favia_laxa,NT,De,0.21,0.1,10,1,25,24,0,uncommon,0,0,0,1,0,0,0,0,0
FAV_Favia_leptophylla,DD,DD,NA,NA,NA,NA,NA,NA,NA,NA,NA,NA,NA,NA,NA,NA,NA,NA,NA
FAV_Favia_lizardensis,NT,De,0.2,0.09,10,1,20,19,1,uncommon,0,1,0,1,0,0,0,0,0
FAV_Favia_maritima,NT,De,0.2,0.09,10,5,30,25,0,uncommon,0,1,0,1,0,0,0,0,0
FAV_Favia_marshae,NT,De,0.2,0.09,10,5,15,10,1,uncommon,0,0,0,1,0,0,0,0,0
FAV_Favia_matthaii,NT,De,0.2,0.09,10,1,30,29,0,uncommon,0,1,0,1,0,0,0,0,0
FAV_Favia_maxima,NT,De,0.22,0.1,10,2,25,23,0,uncommon,0,1,0,1,0,0,0,0,0
FAV_Favia_pallida,LC,De,0.2,0.09,10,0,50,50,0,common,0,1,0,1,0,0,0,0,1
FAV_Favia_rosaria,VU,De+Cr,0.36,0.14,10,5,20,15,1,uncommon,0,0,0,1,0,0,0,0,0
FAV_Favia_rotumana,LC,De,0.2,0.09,10,1,30,29,0,common,0,0,0,1,0,0,0,0,0
FAV_Favia_rotundata,NT,De,0.2,0.09,10,1,20,19,1,uncommon,0,1,0,1,0,0,0,1,0
FAV_Favia_speciosa,LC,De,0.2,0.09,10,0,40,40,0,common,0,1,0,1,0,0,0,0,0
FAV_Favia_stelligera,NT,De,0.2,0.09,10,0,20,20,1,common,0,1,0,1,0,0,0,0,0
FAV_Favia_truncatus,LC,De,0.19,0.09,10,0,20,20,1,common,0,1,0,1,0,0,0,0,0
FAV_Favia_veroni,NT,De,0.2,0.09,10,3,25,22,0,uncommon,0,0,0,1,0,0,0,0,0
FAV_Favia_vietnamensis,NT,De,0.23,0.1,10,0,20,20,1,rare,0,0,0,1,0,0,0,0,0
FAV_Favites_abdita,NT,De,0.2,0.09,10,0,40,40,0,common,0,0,0,0,0,0,0,0,1
FAV_Favites_acuticollis,NT,De,0.2,0.09,10,0,20,20,1,common,0,0,0,0,0,0,0,0,0
FAV_Favites_bestae,NT,De,0.19,0.09,10,3,20,17,1,rare,0,0,0,0,0,0,0,0,0
FAV_Favites_chinensis,NT,De,0.2,0.09,10,0,20,20,1,common,0,1,0,0,0,0,0,0,1
FAV_Favites_complanata,NT,De,0.2,0.09,10,1,30,29,0,uncommon,0,1,0,0,0,0,0,0,0
FAV_Favites_flexuosa,NT,De,0.2,0.09,10,1,20,19,1,uncommon,0,1,0,0,0,0,0,0,0
FAV_Favites_halicora,NT,De,0.2,0.09,10,0,20,20,1,uncommon,0,1,0,0,0,0,0,0,0
FAV_Favites_micropentagona,NT,De,0.19,0.09,10,0,20,20,1,uncommon,0,0,0,0,0,0,0,0,0
FAV_Favites_paraflexuosa,NT,De,0.21,0.1,10,1,20,19,1,uncommon,0,0,0,0,0,0,0,0,0
FAV_Favites_pentagona,LC,De,0.2,0.09,10,0,25,25,0,uncommon,0,1,0,0,0,0,0,0,0
FAV_Favites_russelli,NT,De,0.2,0.09,10,1,25,24,0,uncommon,0,1,0,0,0,0,0,0,0
FAV_Favites_spinosa,VU,De+Cr,0.4,0.15,10,0,10,10,1,uncommon,1,0,0,0,0,0,0,0,0
FAV_Favites_stylifera,NT,De,0.2,0.09,10,3,20,17,1,uncommon,0,1,0,0,0,0,0,0,0
FAV_Favites_vasta,NT,De,0.18,0.09,10,1,20,19,1,uncommon,1,0,0,0,0,0,0,0,0
FAV_Goniastrea_aspera,LC,De,0.2,0.09,10,0,15,15,1,uncommon,0,1,0,0,0,0,0,0,0
FAV_Goniastrea_australensis,LC,De,0.2,0.09,10,0,40,40,0,common,0,1,0,0,0,0,0,0,0
FAV_Goniastrea_columella,NT,De+Cr,0.22,0.08,10,2,15,13,1,common,1,0,0,0,0,0,0,0,0
FAV_Goniastrea_deformis,VU,De,0.3,0.14,10,3,20,17,1,uncommon,1,1,0,0,0,0,0,0,0
FAV_Goniastrea_edwardsi,LC,De,0.2,0.09,10,0,30,30,0,common,0,1,0,0,0,0,0,0,0
FAV_Goniastrea_favulus,NT,De,0.21,0.1,10,0,15,15,1,uncommon,0,1,0,0,0,0,0,0,0
FAV_Goniastrea_minuta,NT,De,0.19,0.09,10,1,15,14,1,uncommon,0,1,0,0,0,0,0,0,0
FAV_Goniastrea_palauensis,NT,De,0.21,0.1,10,1,25,24,0,uncommon,0,0,0,0,0,0,0,0,0
FAV_Goniastrea_pectinata,LC,De,0.2,0.09,10,0,40,40,0,common,0,1,0,0,0,0,0,0,1
FAV_Goniastrea_peresi,NT,De,0.23,0.11,10,2,25,23,0,common,0,1,0,0,0,0,0,0,0
FAV_Goniastrea_ramosa,VU,De+Cr,0.38,0.15,10,1,15,14,1,rare,0,0,0,0,0,0,0,0,0
FAV_Goniastrea_retiformis,LC,De,0.2,0.09,10,0,20,20,1,common,0,1,0,0,0,0,0,0,1
FAV_Goniastrea_thecata,NT,De+Cr,0.18,0.07,10,0,15,15,1,rare,1,0,0,0,0,0,0,0,0
FAV_Leptastrea_aequalis,VU,De+Cr,0.41,0.16,10,2,20,18,1,rare,0,0,0,0,0,0,0,0,0
FAV_Leptastrea_bewickensis,NT,De,0.21,0.09,10,3,20,17,1,uncommon,0,1,0,0,0,0,0,0,0
FAV_Leptastrea_bottae,NT,De,0.2,0.09,10,2,20,18,1,uncommon,0,0,0,0,0,0,0,0,0
FAV_Leptastrea_inaequalis,NT,De,0.19,0.09,10,0,20,20,1,uncommon,0,1,0,0,0,0,0,0,0
FAV_Leptastrea_pruinosa,LC,De,0.2,0.09,10,0,40,40,0,common,0,1,0,0,0,0,0,0,0
FAV_Leptastrea_purpurea,LC,De,0.2,0.09,10,0,30,30,0,common,0,1,0,0,0,0,0,0,0
FAV_Leptastrea_transversa,LC,De,0.2,0.09,10,0,30,30,0,common,0,1,0,0,0,0,0,0,0
FAV_Leptoria_irregularis,VU,De+Cr,0.37,0.14,10,2,20,18,1,uncommon,0,0,0,0,0,0,0,0,0
FAV_Leptoria_phrygia,NT,De,0.2,0.09,15,0,30,30,0,common,0,1,0,0,0,0,0,0,0
FAV_Manicina_areolata,LC,De,0.1,0.21,10,1,65,64,0,common,0,1,0,0,1,0,0,0,0
FAV_Montastraea_annularis,EN,A2,0.55,0.3,10,0.5,82,81.5,0,common,0,0,1,0,1,0,0,0,0
FAV_Montastraea_annuligera,NT,De,0.2,0.09,10,0,20,20,1,uncommon,0,0,0,0,0,0,0,0,1
FAV_Montastraea_cavernosa,LC,De,0.1,0.21,10,0.5,113,112.5,0,common,0,1,0,0,0,0,0,0,0
FAV_Montastraea_colemani,NT,De,0.19,0.09,10,0,20,20,1,common,0,1,0,0,0,0,0,0,0
FAV_Montastraea_curta,LC,De,0.2,0.09,10,0,40,40,0,common,0,1,0,0,0,0,0,0,0
FAV_Montastraea_faveolata,EN,A2,0.55,0.3,10,0.5,40,39.5,0,common,0,0,1,0,1,0,0,0,0
FAV_Montastraea_franksi,VU,De+Cr,0.38,0.11,10,5,50,45,0,common,0,0,0,0,1,0,0,0,0
FAV_Montastraea_magnistellata,NT,De,0.2,0.09,10,2,30,28,0,uncommon,0,1,0,0,0,0,0,0,0
FAV_Montastraea_multipunctata,VU,De+Cr,0.36,0.14,10,1,15,14,1,rare,0,0,0,0,0,0,0,0,0
FAV_Montastraea_salebrosa,VU,De+Cr,0.38,0.15,10,2,20,18,1,rare,0,0,0,0,0,0,0,0,0
FAV_Montastraea_serageldini,VU,De,0.34,0.15,10,1,25,24,0,common,0,0,0,0,0,0,0,0,0
FAV_Montastraea_valenciennesi,NT,De,0.21,0.1,10,1,30,29,0,uncommon,0,1,0,0,0,0,0,0,1
FAV_Moseleya_latistellata,VU,De+Cr,0.41,0.16,10,0,10,10,1,uncommon,0,0,0,0,0,0,0,0,0
FAV_Oulastrea_crispata,LC,De,0.22,0.1,10,0,10,10,1,common,0,1,0,0,0,0,0,0,0
FAV_Oulophyllia_bennettae,NT,De,0.2,0.09,10,1,30,29,0,uncommon,0,1,0,0,0,0,0,0,0
FAV_Oulophyllia_crispa,NT,De,0.2,0.09,10,2,30,28,0,uncommon,0,1,0,0,0,0,0,0,0
FAV_Oulophyllia_levis,LC,De,0.19,0.09,10,3,30,27,0,uncommon,0,0,0,0,0,0,0,0,0
FAV_Parasimplastrea_sheppardi,EN,De+Cr,0.57,0.22,10,3,20,17,1,uncommon,1,0,0,0,0,0,0,0,0
FAV_Platygyra_acuta,NT,De,0.18,0.09,10,2,20,18,1,uncommon,0,0,0,0,0,0,0,0,0
FAV_Platygyra_carnosus,NT,De,0.29,0.14,10,2,15,13,1,uncommon,0,1,0,0,0,0,0,0,0
FAV_Platygyra_contorta,LC,De,0.18,0.09,10,2,20,18,1,common,0,1,0,0,0,0,0,0,0
FAV_Platygyra_crosslandi,NT,De,0.23,0.11,10,2,20,18,1,common,0,0,0,0,0,0,0,0,0
FAV_Platygyra_daedalea,LC,De,0.2,0.09,10,0,30,30,0,common,0,1,0,0,0,0,0,0,0
FAV_Platygyra_lamellina,NT,De,0.2,0.09,10,1,30,29,0,uncommon,0,0,0,0,0,0,0,0,0
FAV_Platygyra_pini,LC,De,0.2,0.09,10,0,30,30,0,common,0,1,0,0,0,0,0,0,0
FAV_Platygyra_ryukyuensis,NT,De,0.19,0.09,10,2,30,28,0,uncommon,0,1,0,0,0,0,0,0,0
FAV_Platygyra_sinensis,LC,De,0.2,0.09,10,0,30,30,0,uncommon,0,1,0,0,0,0,0,0,0
FAV_Platygyra_verweyi,NT,De,0.22,0.1,10,1,20,19,1,uncommon,0,1,0,0,0,0,0,0,0
FAV_Platygyra_yaeyamaensis,VU,De+Cr,0.38,0.15,10,1,20,19,1,rare,0,0,0,0,0,0,0,0,0
FAV_Plesiastrea_devantieri,NT,De,0.16,0.13,10,0,20,20,1,common,1,0,0,0,0,0,0,0,0
FAV_Plesiastrea_versipora,LC,De,0.2,0.09,10,1,40,39,0,uncommon,0,1,0,0,0,0,0,0,0
FAV_Solenastrea_bournoni,LC,De,0.1,0.21,10,0.5,30,29.5,0,common,0,1,0,0,1,0,0,0,0
FAV_Solenastrea_hyades,LC,De,0.1,0.21,10,1,40,39,0,uncommon,0,0,0,0,0,0,0,0,0
FUN_Cantharellus_doederleini,LC,De+Cr,0.06,0.06,10,15,30,15,1,rare,1,0,0,0,0,0,0,0,0
FUN_Cantharellus_jebbi,LC,De,0.02,0.02,10,10,25,15,1,rare,0,0,0,0,0,0,0,0,0
FUN_Cantharellus_noumeae,EN,B,NA,NA,NA,20,30,10,1,rare,1,0,0,0,0,0,0,0,0
FUN_Ctenactis_albitentaculata,NT,De,0.2,0.09,10,6,20,14,1,uncommon,0,1,1,0,0,0,1,0,0
FUN_Ctenactis_crassa,LC,De,0.2,0.09,10,3,25,22,0,common,0,1,0,0,0,0,0,0,0
FUN_Ctenactis_echinata,LC,De,0.2,0.09,10,1,20,19,1,common,0,1,0,0,0,0,0,0,0
FUN_Cycloseris_costulata,LC,De,0.2,0.09,7,3,30,27,0,common,0,1,0,0,0,0,0,0,0
FUN_Cycloseris_curvata,VU,De+Cr,0.39,0.16,7,3,73,70,0,rare,0,0,0,1,0,0,0,0,0
FUN_Cycloseris_cyclolites,LC,De,0.21,0.09,10,1,40,39,0,uncommon,0,1,0,0,0,0,0,0,0
FUN_Cycloseris_distorta,LC,De,0.21,0.1,10,12,85,73,0,uncommon,0,0,0,1,0,0,1,0,0
FUN_Cycloseris_fragilis,LC,De,0.2,0.09,5,1,40,39,0,uncommon,0,1,0,0,0,0,0,0,0
FUN_Cycloseris_hexagonalis,LC,De,0.2,0.09,5,10,25,15,1,rare,0,1,0,0,0,0,0,0,0
FUN_Cycloseris_mokai,LC,De,0.2,0.09,10,6,27,21,0,uncommon,0,0,0,0,0,0,0,0,0
FUN_Cycloseris_sinensis,LC,De,0.21,0.09,5,9,40,31,0,uncommon,0,1,0,0,0,0,0,0,0
FUN_Cycloseris_somervillei,LC,De,0.2,0.09,7,25,35,10,1,rare,0,1,0,0,0,0,0,0,0
FUN_Cycloseris_tenuis,LC,De,0.2,0.09,5,1,27,26,0,common,0,1,0,0,0,0,0,0,0
FUN_Cycloseris_vaughani,LC,De,0.21,0.1,10,20,36,16,1,uncommon,0,1,0,0,0,0,0,0,0
FUN_Danafungia_horrida,LC,De,0.2,0.09,10,1,25,24,0,common,0,1,1,0,0,0,1,0,0
FUN_Danafungia_scruposa,LC,De,0.2,0.09,10,1,27,26,0,common,0,1,1,0,0,0,1,0,0
FUN_Fungia_fungites,NT,De,0.2,0.09,10,1,25,24,0,common,0,1,1,0,0,0,1,1,1
FUN_Halomitra_clavator,VU,De+Cr,0.38,0.15,10,5,25,20,1,rare,1,0,0,0,0,0,0,0,0
FUN_Halomitra_pileus,LC,De,0.21,0.09,10,3,25,22,0,common,0,1,0,0,0,0,0,0,0
FUN_Heliofungia_actiniformis,VU,De+Cr,0.36,0.09,10,1,25,24,0,common,0,0,0,1,0,0,0,0,1
FUN_Heliofungia_fralinae,LC,De,0.22,0.09,10,3,27,24,0,uncommon,0,1,0,0,0,0,0,0,0
FUN_Herpolitha_limax,LC,De,0.2,0.09,10,1,30,29,0,common,0,1,0,1,0,0,0,0,1
FUN_Lithophyllon_concinna,LC,De,0.2,0.09,7,1,25,24,0,common,0,1,1,0,0,0,1,0,0
FUN_Lithophyllon_puishani,DD,DD,NA,NA,NA,NA,NA,NA,NA,NA,NA,NA,NA,NA,NA,NA,NA,NA,NA
FUN_Lithophyllon_ranjithi,EN,B,NA,NA,NA,10,20,10,1,uncommon,1,0,0,0,0,0,0,0,0
FUN_Lithophyllon_repanda,LC,De,0.2,0.09,10,1,30,29,0,common,0,1,1,0,0,0,1,0,0
FUN_Lithophyllon_scabra,LC,De,0.2,0.09,10,1,24,23,0,common,0,1,0,0,0,0,0,0,0
FUN_Lithophyllon_spinifer,LC,De,0.2,0.09,10,18,40,22,0,common,0,1,0,0,0,0,0,0,0
FUN_Lithophyllon_undulatum,NT,De,0.22,0.1,10,1,20,19,1,uncommon,0,0,0,0,0,0,0,0,0
FUN_Lobactis_scutaria,LC,De,0.2,0.09,10,1,30,29,0,common,0,1,0,0,0,0,0,0,0
FUN_Pleuractis_granulosa,LC,De,0.2,0.09,7,2,33,31,0,common,0,1,0,0,0,0,0,0,0
FUN_Pleuractis_gravis,NA,NA,NA,NA,NA,NA,NA,NA,NA,NA,NA,NA,NA,NA,NA,NA,NA,NA,NA
FUN_Pleuractis_moluccensis,LC,De,0.2,0.09,10,3,30,27,0,common,0,1,0,0,0,0,0,0,1
FUN_Pleuractis_paumotensis,LC,De,0.2,0.09,8,1,25,24,0,common,0,1,1,0,0,0,1,0,1
FUN_Pleuractis_seychellensis,VU,De,0.35,0.15,10,5,25,20,1,common,1,1,0,0,0,0,0,0,0
FUN_Pleuractis_taiwanensis,VU,De,0.37,0.16,10,15,35,20,1,uncommon,1,1,0,0,0,0,0,0,0
FUN_Podabacia_crustacea,LC,De,0.2,0.09,10,3,20,17,1,common,0,0,0,0,0,0,0,0,0
FUN_Podabacia_kunzmanni,NA,NA,NA,NA,NA,NA,NA,NA,NA,NA,NA,NA,NA,NA,NA,NA,NA,NA,NA
FUN_Podabacia_motuporensis,NT,De,0.2,0.09,10,5,20,15,1,uncommon,0,0,0,0,0,0,0,0,0
FUN_Podabacia_sinai,DD,DD,NA,NA,NA,NA,NA,NA,NA,NA,NA,NA,NA,NA,NA,NA,NA,NA,NA
FUN_Polyphyllia_novaehiberniae,NT,De,0.19,0.09,10,1,15,14,1,common,0,1,1,0,0,0,0,0,0
FUN_Polyphyllia_talpina,LC,De,0.21,0.1,10,1,30,29,0,common,0,1,0,0,0,0,0,0,1
FUN_Sandalolitha_dentata,LC,De,0.21,0.09,10,6,25,19,1,uncommon,0,1,0,0,0,0,0,0,0
FUN_Sandalolitha_robusta,LC,De,0.21,0.09,10,1,21,20,1,common,0,1,0,0,0,0,0,0,0
FUN_Zoopilus_echinatus,LC,De,0.19,0.09,10,12,20,8,1,uncommon,0,1,0,0,0,0,0,0,0
MEA_Ctenella_chagius,EN,De+Cr,0.58,0.12,10,3,45,42,0,uncommon,1,0,0,0,0,0,0,0,0
MEA_Dendrogyra_cylindrus,VU,De+Cr,0.38,0.11,10,1,25,24,0,uncommon,0,0,0,0,1,0,0,0,0
MEA_Dichocoenia_stellaris,DD,DD,NA,NA,NA,NA,NA,NA,NA,NA,NA,NA,NA,NA,NA,NA,NA,NA,NA
MEA_Dichocoenia_stokesi,VU,De+Cr,0.38,0.11,10,2,72,70,0,common,0,0,1,0,1,0,0,0,0
MEA_Eusmilia_fastigiata,LC,De,0.1,0.21,10,1,65,64,0,common,0,0,1,0,1,0,0,0,0
MEA_Gyrosmilia_interrupta,LC,De,0.09,0.08,10,1,30,29,0,uncommon,1,0,0,0,0,0,0,0,0
MEA_Meandrina_braziliensis,DD,DD,NA,NA,NA,NA,NA,NA,NA,NA,NA,NA,NA,NA,NA,NA,NA,NA,NA
MEA_Meandrina_danae,LC,De,0.1,0.21,10,5,80,75,0,common,0,1,0,0,1,0,0,0,0
MEA_Meandrina_jacksoni,NA,NA,NA,NA,NA,NA,NA,NA,NA,NA,NA,NA,NA,NA,NA,NA,NA,NA,NA
MEA_Meandrina_meandrites,LC,De,0.1,0.21,10,0.5,80,79.5,0,common,0,0,1,0,1,0,1,0,0
MEA_Montigyra_kenti,DD,DD,NA,NA,NA,NA,NA,NA,NA,NA,NA,NA,NA,NA,NA,NA,NA,NA,NA
MER_Boninastrea_boninensis,DD,DD,NA,NA,NA,NA,NA,NA,NA,NA,NA,NA,NA,NA,NA,NA,NA,NA,NA
MER_Hydnophora_bonsai,EN,De+Cr,0.64,0.24,10,5,15,10,1,uncommon,1,0,0,0,0,0,0,0,0
MER_Hydnophora_exesa,NT,De,0.2,0.09,10,1,30,29,0,common,0,0,0,0,0,0,0,0,1
MER_Hydnophora_grandis,LC,De,0.22,0.1,10,2,25,23,0,uncommon,0,0,0,0,0,0,0,0,0
MER_Hydnophora_microconos,NT,De,0.2,0.09,10,1,35,34,0,common,0,0,1,0,0,0,0,0,1
MER_Hydnophora_pilosa,LC,De,0.2,0.09,10,5,30,25,0,uncommon,0,0,0,0,0,0,0,0,0
MER_Hydnophora_rigida,LC,De,0.21,0.1,10,0,40,40,0,common,0,0,0,0,0,0,0,0,1
MER_Merulina_ampliata,LC,De,0.2,0.09,10,0,50,50,0,common,0,0,0,0,0,0,0,0,1
MER_Merulina_scabricula,LC,De,0.21,0.1,10,1,40,39,0,common,0,0,0,0,0,0,0,0,1
MER_Merulina_scheeri,LC,De+Cr,0.06,0.06,10,2,45,43,0,common,1,0,0,0,0,0,0,0,0
MER_Paraclavarina_triangularis,NT,De,0.19,0.09,10,3,20,17,1,uncommon,0,0,0,0,0,0,0,0,0
MER_Scapophyllia_cylindrica,LC,De,0.22,0.1,10,2,25,23,0,uncommon,0,0,0,0,0,0,0,0,0
MUS_Acanthastrea_bowerbanki,VU,De+Cr,0.36,0.14,10,2,20,18,1,rare,0,0,0,0,0,0,0,1,0
MUS_Acanthastrea_brevis,VU,De+Cr,0.36,0.14,10,1,20,19,1,uncommon,0,0,0,0,0,0,0,1,0
MUS_Acanthastrea_echinata,LC,De,0.2,0.09,10,0,50,50,0,common,0,0,0,0,0,0,0,0,1
MUS_Acanthastrea_faviaformis,VU,De+Cr,0.34,0.13,10,2,12,10,1,uncommon,0,0,0,0,0,0,0,0,0
MUS_Acanthastrea_hemprichii,VU,De+Cr,0.35,0.14,10,2,20,18,1,uncommon,0,0,0,0,0,0,0,0,0
MUS_Acanthastrea_hillae,NT,De,0.19,0.09,10,2,20,18,1,common,0,0,0,0,0,0,0,0,0
MUS_Acanthastrea_ishigakiensis,VU,De+Cr,0.34,0.14,10,1,15,14,1,uncommon,0,0,0,0,0,0,0,0,0
MUS_Acanthastrea_lordhowensis,NT,De,0.19,0.09,10,1,30,29,0,uncommon,0,0,0,0,0,0,0,0,0
MUS_Acanthastrea_maxima,NT,De+Cr,0.19,0.16,10,5,15,10,1,rare,1,0,0,0,0,0,0,0,0
MUS_Acanthastrea_regularis,VU,De+Cr,0.36,0.14,10,2,20,18,1,uncommon,0,0,0,0,0,0,0,0,0
MUS_Acanthastrea_rotundoflora,NT,De,0.18,0.08,10,2,30,28,0,uncommon,0,0,0,0,0,0,0,0,0
MUS_Acanthastrea_subechinata,NT,De,0.19,0.09,10,0,35,35,0,uncommon,0,0,0,0,0,0,0,0,0
MUS_Australomussa_rowleyensis,NT,De,0.22,0.1,10,2,40,38,0,uncommon,0,0,0,0,0,0,0,0,0
MUS_Blastomussa_loyae,NA,NA,NA,NA,NA,NA,NA,NA,NA,NA,NA,NA,NA,NA,NA,NA,NA,NA,NA
MUS_Blastomussa_merleti,LC,De,0.21,0.09,10,2,50,48,0,common,0,0,0,0,0,0,0,0,0
MUS_Blastomussa_wellsi,NT,De,0.18,0.08,10,2,40,38,0,uncommon,0,0,0,0,0,0,0,0,1
MUS_Cynarina_lacrymalis,NT,De,0.2,0.09,10,3,50,47,0,uncommon,0,1,1,0,0,0,1,0,1
MUS_Indophyllia_macassarensis,DD,DD,NA,NA,NA,NA,NA,NA,NA,NA,NA,NA,NA,NA,NA,NA,NA,NA,NA
MUS_Isophyllastrea_rigida,LC,De,0.1,0.21,10,3,20,17,1,common,0,1,0,0,1,0,0,0,0
MUS_Isophyllia_sinuosa,LC,De,0.1,0.21,10,1,20,19,1,common,0,1,0,0,0,0,0,0,0
MUS_Lobophyllia_corymbosa,LC,De,0.2,0.09,10,2,40,38,0,common,0,0,0,0,0,0,0,0,1
MUS_Lobophyllia_dentatus,VU,De+Cr,0.38,0.15,10,2,10,8,1,uncommon,0,0,0,0,0,0,0,0,0
MUS_Lobophyllia_diminuta,VU,De+Cr,0.38,0.15,10,1,10,9,1,uncommon,0,0,0,0,0,0,0,1,0
MUS_Lobophyllia_flabelliformis,VU,De+Cr,0.38,0.15,10,3,30,27,0,uncommon,0,0,0,0,0,0,0,1,0
MUS_Lobophyllia_hataii,LC,De,0.2,0.09,10,2,40,38,0,common,0,0,0,0,0,0,0,0,0
MUS_Lobophyllia_hemprichii,LC,De,0.2,0.09,10,1,50,49,0,common,0,0,0,0,0,0,0,0,1
MUS_Lobophyllia_pachysepta,NT,De,0.22,0.1,10,3,30,27,0,uncommon,0,0,0,0,0,0,0,0,0
MUS_Lobophyllia_robusta,LC,De,0.18,0.09,10,2,40,38,0,common,0,0,0,0,0,0,0,0,0
MUS_Lobophyllia_serratus,EN,De+Cr,0.66,0.24,10,4,15,11,1,rare,0,0,0,0,0,0,0,0,0
MUS_Micromussa_amakusensis,NT,De,0.18,0.09,10,1,30,29,0,uncommon,0,0,0,0,0,0,0,0,0
MUS_Micromussa_diminuta,DD,DD,NA,NA,NA,NA,NA,NA,NA,NA,NA,NA,NA,NA,NA,NA,NA,NA,NA
MUS_Micromussa_minuta,NT,De,0.22,0.1,10,1,30,29,0,uncommon,0,0,0,0,0,0,0,0,0
MUS_Mussa_angulosa,LC,De,0.1,0.21,10,5,30,25,0,uncommon,0,0,1,0,1,0,0,0,0
MUS_Mussismilia_braziliensis,DD,DD,NA,NA,NA,NA,NA,NA,NA,NA,NA,NA,NA,NA,NA,NA,NA,NA,NA
MUS_Mussismilia_harttii,DD,DD,NA,NA,NA,NA,NA,NA,NA,NA,NA,NA,NA,NA,NA,NA,NA,NA,NA
MUS_Mussismilia_hispida,DD,DD,NA,NA,NA,NA,NA,NA,NA,NA,NA,NA,NA,NA,NA,NA,NA,NA,NA
MUS_Mycetophyllia_aliciae,LC,De,0.1,0.21,10,10,85,75,0,common,0,0,0,0,1,0,0,0,0
MUS_Mycetophyllia_danaana,LC,De,0.1,0.21,10,15,30,15,1,common,0,0,1,0,1,0,1,0,0
MUS_Mycetophyllia_ferox,VU,De+Cr,0.38,0.11,10,5,30,25,0,common,0,0,1,0,1,0,0,0,0
MUS_Mycetophyllia_lamarckiana,LC,De,0.1,0.21,10,10,75,65,0,common,0,0,1,0,1,0,1,0,0
MUS_Mycetophyllia_reesi,DD,DD,NA,NA,NA,NA,NA,NA,NA,NA,NA,NA,NA,NA,NA,NA,NA,NA,NA
MUS_Scolymia_australis,LC,De,0.19,0.09,10,10,40,30,0,common,0,1,0,0,0,0,0,0,0
MUS_Scolymia_cubensis,LC,De,0.1,0.21,10,10,92,82,0,uncommon,0,1,1,0,0,0,1,0,0
MUS_Scolymia_lacera,LC,De,0.1,0.21,10,10,80,70,0,uncommon,0,1,1,0,0,0,1,0,0
MUS_Scolymia_vitiensis,NT,De,0.21,0.09,10,5,50,45,0,uncommon,0,0,0,0,0,0,0,0,1
MUS_Scolymia_wellsi,DD,DD,NA,NA,NA,NA,NA,NA,NA,NA,NA,NA,NA,NA,NA,NA,NA,NA,NA
MUS_Symphyllia_agaricia,LC,De,0.21,0.09,10,2,40,38,0,common,0,0,0,0,0,0,0,0,1
MUS_Symphyllia_erythraea,LC,De,0.23,0.11,10,2,45,43,0,common,1,0,0,0,0,0,0,0,0
MUS_Symphyllia_hassi,VU,De+Cr,0.38,0.15,10,4,20,16,1,uncommon,0,0,0,0,0,0,0,0,0
MUS_Symphyllia_radians,LC,De,0.21,0.09,10,0,40,40,0,common,0,0,0,1,0,0,0,0,0
MUS_Symphyllia_recta,LC,De,0.2,0.09,10,0,40,40,0,common,0,0,0,1,0,0,0,0,0
MUS_Symphyllia_valenciennesii,LC,De,0.2,0.09,10,2,40,38,0,common,0,0,0,0,0,0,0,0,0
MUS_Symphyllia_wilsoni,LC,De+Cr,0.05,0.03,10,3,15,12,1,uncommon,0,0,0,0,0,0,0,0,0
OCU_Galaxea_acrhelia,VU,De+Cr,0.38,0.15,10,3,15,12,1,uncommon,0,0,0,0,0,0,0,0,0
OCU_Galaxea_astreata,VU,De+Cr,0.35,0.14,8,1,30,29,0,common,0,0,1,0,0,0,0,0,1
OCU_Galaxea_cryptoramosa,VU,De,0.38,0.15,10,5,15,10,1,uncommon,0,0,0,0,0,0,0,0,0
OCU_Galaxea_fascicularis,NT,De,0.2,0.09,10,1,15,14,1,common,0,0,0,0,0,0,0,0,1
OCU_Galaxea_horrescens,LC,De,0.19,0.09,10,5,25,20,1,common,0,0,0,0,0,0,0,0,0
OCU_Galaxea_longisepta,NT,De,0.23,0.1,10,5,20,15,1,rare,0,0,0,0,0,0,0,0,0
OCU_Galaxea_paucisepta,NT,De,0.19,0.09,10,5,20,15,1,rare,0,0,0,0,0,0,0,0,0
OCU_Oculina_diffusa,LC,De,0.1,0.21,10,0.5,30,29.5,0,common,0,1,0,0,0,0,0,0,0
OCU_Oculina_patagonica,LC,A2,NA,NA,10,0.5,10,9.5,1,uncommon,0,1,0,0,0,0,0,0,0
OCU_Oculina_robusta,DD,DD,NA,NA,NA,NA,NA,NA,NA,NA,NA,NA,NA,NA,NA,NA,NA,NA,NA
OCU_Oculina_tenella,DD,DD,NA,NA,NA,NA,NA,NA,NA,NA,NA,NA,NA,NA,NA,NA,NA,NA,NA
OCU_Oculina_valenciennesi,DD,DD,NA,NA,NA,NA,NA,NA,NA,NA,NA,NA,NA,NA,NA,NA,NA,NA,NA
OCU_Oculina_varicosa,VU,A2,0.35,0.2,10,3,152,149,0,common,0,1,0,1,0,1,0,0,0
OCU_Schizoculina_africana,DD,DD,NA,NA,NA,NA,NA,NA,NA,NA,NA,NA,NA,NA,NA,NA,NA,NA,NA
OCU_Schizoculina_fissipara,DD,DD,NA,NA,NA,NA,NA,NA,NA,NA,NA,NA,NA,NA,NA,NA,NA,NA,NA
OCU_Simplastrea_vesicularis,DD,DD,NA,NA,NA,NA,NA,NA,NA,NA,NA,NA,NA,NA,NA,NA,NA,NA,NA
PEC_Echinomorpha_nishihirai,NT,De,0.19,0.09,10,5,20,15,1,rare,0,0,0,0,0,0,0,0,0
PEC_Echinophyllia_aspera,LC,De,0.2,0.09,10,3,40,37,0,common,0,0,0,0,0,0,0,0,0
PEC_Echinophyllia_costata,VU,De+Cr,0.41,0.15,10,5,10,5,1,rare,0,0,0,0,0,0,0,0,0
PEC_Echinophyllia_echinata,LC,De,0.2,0.09,10,5,40,35,0,uncommon,0,0,0,0,0,0,0,0,0
PEC_Echinophyllia_echinoporoides,LC,De,0.19,0.09,10,3,30,27,0,common,0,0,0,0,0,0,0,0,0
PEC_Echinophyllia_orpheensis,LC,De,0.2,0.09,10,1,30,29,0,uncommon,0,0,0,0,0,0,0,0,0
PEC_Echinophyllia_patula,LC,De,0.22,0.1,10,10,40,30,0,uncommon,0,0,0,0,0,0,0,0,0
PEC_Echinophyllia_pectinata,DD,DD,NA,NA,NA,NA,NA,NA,NA,NA,NA,NA,NA,NA,NA,NA,NA,NA,NA
PEC_Mycedium_elephantotus,LC,De,0.2,0.09,10,3,40,37,0,common,0,0,0,0,0,0,0,0,1
PEC_Mycedium_mancaoi,LC,De,0.05,0.07,10,NA,NA,NA,NA,uncommon,0,0,0,0,0,0,0,0,0
PEC_Mycedium_robokaki,LC,De,0.2,0.09,10,NA,NA,NA,NA,common,0,0,0,0,0,0,0,0,0
PEC_Mycedium_spina,DD,DD,NA,NA,NA,NA,NA,NA,NA,NA,NA,NA,NA,NA,NA,NA,NA,NA,NA
PEC_Mycedium_steeni,VU,De,0.38,0.16,10,5,30,25,0,rare,0,0,0,0,0,0,0,0,0
PEC_Mycedium_umbra,LC,De,0.06,0.07,10,5,30,25,0,common,0,0,0,0,0,0,0,0,0
PEC_Oxypora_convoluta,DD,DD,NA,NA,NA,NA,NA,NA,NA,NA,NA,NA,NA,NA,NA,NA,NA,NA,NA
PEC_Oxypora_crassispinosa,LC,De,0.2,0.09,10,3,30,27,0,uncommon,0,0,0,0,0,0,0,0,0
PEC_Oxypora_egyptensis,DD,DD,NA,NA,NA,NA,NA,NA,NA,NA,NA,NA,NA,NA,NA,NA,NA,NA,NA
PEC_Oxypora_glabra,LC,De,0.19,0.09,10,3,40,37,0,common,0,0,0,0,0,0,0,0,0
PEC_Oxypora_lacera,LC,De,0.2,0.09,10,3,30,27,0,common,0,0,0,0,0,0,0,0,0
PEC_Pectinia_africanus,VU,De+Cr,0.45,0.12,10,3,30,27,0,uncommon,1,0,1,0,0,0,0,0,0
PEC_Pectinia_alcicornis,VU,De+Cr,0.38,0.15,10,5,25,20,1,uncommon,0,0,1,0,0,0,0,0,0
PEC_Pectinia_ayleni,NT,De,0.23,0.1,10,2,25,23,0,uncommon,0,0,1,0,0,0,0,0,0
PEC_Pectinia_crassa,DD,DD,NA,NA,NA,NA,NA,NA,NA,NA,NA,NA,NA,NA,NA,NA,NA,NA,NA
PEC_Pectinia_elongata,NT,De,0.2,0.09,10,5,25,20,1,uncommon,0,0,1,0,0,0,0,0,0
PEC_Pectinia_lactuca,VU,De+Cr,0.38,0.15,10,3,15,12,1,common,0,0,1,0,0,0,0,0,1
PEC_Pectinia_maxima,EN,De+Cr,0.66,0.24,10,3,25,22,0,uncommon,0,0,1,0,0,0,0,0,0
PEC_Pectinia_paeonia,NT,De,0.22,0.1,10,3,25,22,0,common,0,0,1,0,0,0,0,0,0
PEC_Pectinia_pygmaeus,NT,De,0.2,0.09,10,5,30,25,0,common,0,0,1,0,0,0,0,0,0
PEC_Pectinia_teres,NT,De,0.26,0.11,10,5,30,25,0,uncommon,0,0,1,0,0,0,0,0,0
POC_Pocillopora_ankeli,VU,De+Cr,0.4,0.16,10,1,10,9,1,common,0,0,0,0,0,0,0,0,0
POC_Pocillopora_capitata,LC,De,0.19,0.09,10,1,20,19,1,uncommon,0,0,0,0,0,0,0,1,0
POC_Pocillopora_damicornis,LC,De,0.2,0.09,5,1,20,19,1,common,0,0,0,0,0,0,0,0,1
POC_Pocillopora_danae,VU,De+Cr,0.38,0.15,10,1,15,14,1,uncommon,0,0,1,0,0,0,0,1,0
POC_Pocillopora_effusus,DD,DD,NA,NA,NA,NA,NA,NA,NA,NA,NA,NA,NA,NA,NA,NA,NA,NA,NA
POC_Pocillopora_elegans,VU,De+Cr,0.35,0.14,5,1,20,19,1,uncommon,0,0,1,0,0,0,0,1,0
POC_Pocillopora_eydouxi,NT,De,0.2,0.09,10,2,20,18,1,common,0,0,1,0,0,0,0,0,1
POC_Pocillopora_fungiformis,EN,De+Cr,0.58,0.12,10,0.5,15,14.5,1,uncommon,1,0,0,0,0,0,0,0,0
POC_Pocillopora_indiania,VU,De+Cr,0.45,0.12,10,2,20,18,1,uncommon,1,0,0,0,0,0,0,0,0
POC_Pocillopora_inflata,VU,De+Cr,0.34,0.11,10,1,10,9,1,rare,0,0,1,0,0,0,0,1,0
POC_Pocillopora_kelleheri,LC,De,0.23,0.1,10,5,40,35,0,uncommon,0,0,0,0,0,0,0,0,0
POC_Pocillopora_ligulata,LC,De,0.06,0.04,10,NA,NA,NA,NA,uncommon,0,0,0,0,0,0,0,0,0
POC_Pocillopora_meandrina,LC,De,0.22,0.1,7,1,27,26,0,common,0,0,0,0,0,0,0,0,0
POC_Pocillopora_molokensis,DD,DD,NA,NA,NA,NA,NA,NA,NA,NA,NA,NA,NA,NA,NA,NA,NA,NA,NA
POC_Pocillopora_setichelli,LC,De+Cr,0.1,0.05,10,NA,NA,NA,NA,uncommon,1,0,0,0,0,0,0,0,0
POC_Pocillopora_verrucosa,LC,De,0.2,0.09,5,1,54,53,0,common,0,0,0,0,0,0,0,0,1
POC_Pocillopora_woodjonesi,LC,De,0.21,0.09,10,2,26,24,0,uncommon,0,0,0,0,0,0,0,0,0
POC_Pocillopora_zelli,LC,De,0.2,0.09,10,2,15,13,1,uncommon,0,0,0,0,0,0,0,0,0
POC_Seriatopora_aculeata,VU,De+Cr,0.37,0.14,10,3,40,37,0,uncommon,0,0,0,0,0,0,0,0,0
POC_Seriatopora_caliendrum,NT,De,0.21,0.09,5,1,40,39,0,uncommon,0,0,0,0,0,0,0,0,0
POC_Seriatopora_dendritica,VU,De+Cr,0.36,0.14,10,3,40,37,0,uncommon,0,0,0,0,0,0,0,0,0
POC_Seriatopora_guttatus,LC,De,0.2,0.09,10,3,40,37,0,common,0,0,0,0,0,0,0,0,0
POC_Seriatopora_hystrix,LC,De,0.2,0.09,5,1,20,19,1,common,0,0,0,0,0,0,0,0,1
POC_Seriatopora_stellata,NT,De,0.22,0.1,10,1,20,19,1,uncommon,1,0,0,0,0,0,0,0,0
POC_Stylophora_danae,LC,De+Cr,0.14,0.08,10,5,40,35,0,uncommon,1,0,0,0,0,0,0,0,0
POC_Stylophora_kuehlmanni,LC,De+Cr,0.14,0.08,10,5,40,35,0,uncommon,1,0,0,0,0,0,0,0,0
POC_Stylophora_madagascarensis,EN,De+Cr,0.58,0.12,10,2,20,18,1,common,1,0,0,0,0,0,0,0,0
POC_Stylophora_mamillata,LC,De+Cr,0.14,0.08,10,15,25,10,1,uncommon,1,0,0,0,0,0,0,0,0
POC_Stylophora_pistillata,NT,De,0.2,0.09,7,1,15,14,1,common,0,0,0,0,0,0,0,0,1
POC_Stylophora_subseriata,LC,De,0.19,0.08,10,2,30,28,0,common,0,0,0,0,0,0,0,0,0
POC_Stylophora_wellsi,NT,De+Cr,0.22,0.08,10,0,10,10,1,uncommon,1,0,0,0,0,0,0,0,0
POR_Alveopora_allingi,VU,De+Cr,0.35,0.14,10,5,10,5,1,uncommon,0,0,1,0,0,1,0,0,0
POR_Alveopora_catalai,NT,De,0.22,0.1,10,3,30,27,0,common,0,0,1,0,0,1,0,0,0
POR_Alveopora_daedalea,VU,De+Cr,0.38,0.14,10,3,30,27,0,uncommon,0,0,1,0,0,1,0,0,0
POR_Alveopora_excelsa,EN,De+Cr,0.64,0.24,10,3,30,27,0,uncommon,0,0,1,0,0,1,0,0,0
POR_Alveopora_fenestrata,VU,De+Cr,0.36,0.14,10,3,30,27,0,uncommon,0,0,1,0,0,1,0,0,0
POR_Alveopora_gigas,VU,De+Cr,0.41,0.16,10,3,30,27,0,uncommon,0,0,1,0,0,1,0,0,0
POR_Alveopora_japonica,VU,De+Cr,0.37,0.24,10,NA,NA,NA,NA,uncommon,1,0,1,0,0,1,0,0,0
POR_Alveopora_marionensis,VU,De+Cr,0.36,0.14,10,1,30,29,0,rare,0,0,1,0,0,1,0,0,0
POR_Alveopora_minuta,EN,De+Cr,0.66,0.24,10,1,20,19,1,rare,0,0,1,0,0,1,0,0,0
POR_Alveopora_ocellata,DD,DD,NA,NA,NA,NA,NA,NA,NA,NA,NA,NA,NA,NA,NA,NA,NA,NA,NA
POR_Alveopora_spongiosa,NT,De,0.2,0.09,10,3,50,47,0,uncommon,0,0,1,0,0,1,0,0,1
POR_Alveopora_tizardi,LC,De,0.18,0.08,10,3,50,47,0,uncommon,0,0,1,0,0,1,0,0,0
POR_Alveopora_verrilliana,VU,De+Cr,0.34,0.14,10,3,30,27,0,uncommon,0,0,1,0,0,1,0,0,0
POR_Alveopora_viridis,NT,De+Cr,0.26,0.14,10,5,50,45,0,rare,1,0,1,0,0,1,0,0,0
POR_Goniopora_albiconus,VU,De,0.33,0.14,10,3,30,27,0,uncommon,0,0,1,0,0,1,0,0,0
POR_Goniopora_burgosi,VU,De,0.33,0.14,10,2,30,28,0,uncommon,0,0,1,0,0,1,0,0,0
POR_Goniopora_cellulosa,VU,De,0.37,0.16,10,3,20,17,1,uncommon,1,0,1,0,0,1,0,0,0
POR_Goniopora_ciliatus,LC,De+Cr,0.14,0.08,30,1,30,29,0,uncommon,1,0,1,0,0,1,0,0,0
POR_Goniopora_columna,NT,De,0.21,0.09,10,2,15,13,1,common,0,0,1,0,0,1,0,0,0
POR_Goniopora_djiboutiensis,LC,De,0.21,0.09,10,5,20,15,1,common,0,0,1,0,0,1,0,0,0
POR_Goniopora_eclipsensis,LC,De,0.22,0.1,10,2,20,18,1,uncommon,0,0,1,0,0,1,0,0,0
POR_Goniopora_fruticosa,LC,De,0.22,0.1,10,5,25,20,1,uncommon,0,0,1,0,0,1,0,0,0
POR_Goniopora_lobata,NT,De,0.21,0.09,10,0.5,30,29.5,0,common,0,0,1,0,0,1,0,0,1
POR_Goniopora_minor,NT,De,0.2,0.09,10,0.5,30,29.5,0,common,0,0,1,0,0,1,0,0,1
POR_Goniopora_norfolkensis,LC,De,0.2,0.09,10,1,30,29,0,uncommon,0,0,1,0,0,1,0,0,0
POR_Goniopora_palmensis,LC,De,0.23,0.1,10,1,20,19,1,common,0,0,1,0,0,1,0,0,0
POR_Goniopora_pandoraensis,LC,De,0.22,0.1,10,1,20,19,1,uncommon,0,0,1,0,0,1,0,0,0
POR_Goniopora_pearsoni,LC,De+Cr,0.06,0.06,10,NA,NA,NA,NA,common,1,0,1,0,0,1,0,0,0
POR_Goniopora_pendulus,LC,De,0.23,0.1,10,1,20,19,1,uncommon,0,0,1,0,0,1,0,0,0
POR_Goniopora_planulata,VU,De,0.32,0.14,10,2,20,18,1,uncommon,0,0,1,0,0,1,0,0,0
POR_Goniopora_polyformis,VU,De,0.37,0.16,10,NA,NA,NA,NA,rare,0,0,1,0,0,1,0,0,0
POR_Goniopora_savignyi,LC,De+Cr,0.06,0.06,10,3,20,17,1,uncommon,0,0,1,0,0,1,0,0,0
POR_Goniopora_somaliensis,LC,De,0.2,0.09,10,0.5,30,29.5,0,uncommon,0,0,1,0,0,1,0,0,0
POR_Goniopora_stokesi,NT,De,0.2,0.09,10,2,30,28,0,uncommon,0,1,1,0,0,1,0,0,1
POR_Goniopora_stutchburyi,LC,De,0.21,0.09,10,1,30,29,0,uncommon,0,0,1,0,0,1,0,0,0
POR_Goniopora_sultani,LC,De+Cr,0.06,0.06,10,3,20,17,1,uncommon,1,0,1,0,0,1,0,0,0
POR_Goniopora_tenella,NT,De,0.24,0.1,10,3,20,17,1,rare,0,0,1,0,0,1,0,0,0
POR_Goniopora_tenuidens,LC,De,0.21,0.09,10,2,30,28,0,common,0,1,1,0,0,1,0,0,0
POR_Machadoporites_tantillus,DD,DD,NA,NA,NA,NA,NA,NA,NA,NA,NA,NA,NA,NA,NA,NA,NA,NA,NA
POR_Porites_annae,NT,De,0.22,0.09,10,0.5,30,29.5,0,common,0,0,0,1,1,0,0,0,1
POR_Porites_aranetai,VU,De+Cr,0.43,0.17,10,2,20,18,1,uncommon,0,0,1,0,1,0,0,0,1
POR_Porites_arnaudi,LC,De+Cr,0.04,0.09,10,7,37,30,0,common,0,0,0,1,1,0,0,0,0
POR_Porites_astreoides,LC,De,0.1,0.21,10,0.2,70,69.8,0,common,0,1,0,0,0,0,1,0,0
POR_Porites_attenuata,VU,De+Cr,0.36,0.14,10,2,20,18,1,common,0,0,1,0,1,0,0,0,1
POR_Porites_australiensis,LC,De,0.21,0.1,10,1,20,19,1,common,0,0,0,1,1,0,0,0,1
POR_Porites_baueri,DD,DD,NA,NA,NA,NA,NA,NA,NA,NA,NA,NA,NA,NA,NA,NA,NA,NA,NA
POR_Porites_bernardi,LC,De+Cr,0.1,0.09,10,NA,NA,NA,NA,uncommon,1,0,0,1,1,0,0,0,0
POR_Porites_branneri,NT,De,0.15,0.21,10,0,3,3,1,uncommon,0,1,0,1,1,0,0,0,0
POR_Porites_brighami,LC,De+Cr,0.03,0.09,10,NA,NA,NA,NA,common,1,0,0,1,1,0,0,0,0
POR_Porites_cocosensis,VU,De,0.37,0.16,10,NA,NA,NA,NA,common,0,0,0,1,1,0,0,0,1
POR_Porites_colonensis,DD,DD,NA,NA,NA,NA,NA,NA,NA,NA,NA,NA,NA,NA,NA,NA,NA,NA,NA
POR_Porites_columnaris,LC,De+Cr,0.14,0.08,10,0,15,15,1,uncommon,1,0,0,1,1,0,0,0,0
POR_Porites_compressa,LC,De+Cr,0.03,0.09,10,0,30,30,0,common,1,0,0,1,1,0,0,0,0
POR_Porites_cumulatus,VU,De+Cr,0.41,0.16,10,2,20,18,1,uncommon,0,0,0,1,1,0,0,0,0
POR_Porites_cylindrica,NT,De,0.21,0.1,10,1,20,19,1,common,0,0,1,0,1,0,0,0,1
POR_Porites_decasepta,DD,DD,NA,NA,NA,NA,NA,NA,NA,NA,NA,NA,NA,NA,NA,NA,NA,NA,NA
POR_Porites_deformis,NT,De,0.19,0.09,10,0.5,30,29.5,0,uncommon,0,0,0,1,1,0,0,0,1
POR_Porites_densa,NT,De,0.19,0.09,10,1,20,19,1,uncommon,0,0,0,1,1,0,0,0,1
POR_Porites_desilveri,EN,De+Cr,0.55,0.24,10,NA,NA,NA,NA,common,1,0,0,1,1,0,0,0,0
POR_Porites_divaricata,LC,De,0.1,0.21,10,0.1,47,46.9,0,common,0,0,0,1,1,0,0,0,0
POR_Porites_duerdeni,LC,De+Cr,0.03,0.09,10,NA,NA,NA,NA,rare,1,0,0,1,1,0,0,0,0
POR_Porites_echinulata,NT,De,0.23,0.11,10,1,20,19,1,common,1,0,0,1,1,0,0,0,0
POR_Porites_ericacea,DD,DD,NA,NA,NA,NA,NA,NA,NA,NA,NA,NA,NA,NA,NA,NA,NA,NA,NA
POR_Porites_eridani,EN,De+Cr,0.58,0.22,10,2,20,18,1,uncommon,0,0,0,1,1,0,0,0,1
POR_Porites_evermanni,DD,DD,NA,NA,NA,NA,NA,NA,NA,NA,NA,NA,NA,NA,NA,NA,NA,NA,NA
POR_Porites_excavata,DD,DD,NA,NA,NA,NA,NA,NA,NA,NA,NA,NA,NA,NA,NA,NA,NA,NA,NA
POR_Porites_flavus,DD,DD,NA,NA,NA,NA,NA,NA,NA,NA,NA,NA,NA,NA,NA,NA,NA,NA,NA
POR_Porites_furcata,LC,De,0.1,0.21,10,0.2,50,49.8,0,common,0,1,0,1,1,0,0,0,0
POR_Porites_harrisoni,NT,De+Cr,0.23,0.15,10,1,15,14,1,common,1,0,0,1,1,0,0,0,0
POR_Porites_heronensis,LC,De+Cr,0.11,0.06,10,1,20,19,1,rare,0,0,0,1,1,0,0,0,0
POR_Porites_horizontalata,VU,De+Cr,0.37,0.15,10,5,20,15,1,uncommon,0,0,1,0,1,0,0,0,1
POR_Porites_latistella,LC,De,0.19,0.09,10,1,20,19,1,uncommon,0,0,0,1,1,0,0,0,0
POR_Porites_lichen,LC,De,0.2,0.09,10,1,30,29,0,common,0,0,0,1,1,0,0,0,1
POR_Porites_lobata,NT,De,0.2,0.09,10,0,30,30,0,common,0,0,0,1,1,0,0,0,1
POR_Porites_lutea,LC,De,0.2,0.09,10,0,30,30,0,common,0,0,0,1,1,0,0,0,1
POR_Porites_mayeri,LC,De,0.22,0.1,10,3,20,,1,uncommon,0,0,0,1,1,0,0,0,1
POR_Porites_monticulosa,LC,De,0.18,0.09,10,3,20,17,1,common,0,0,0,1,1,0,0,0,1
POR_Porites_murrayensis,NT,De,0.2,0.09,10,0,5,5,1,uncommon,0,0,0,1,1,0,0,0,1
POR_Porites_myrmidonensis,LC,De+Cr,0.1,0.05,10,3,20,17,1,uncommon,1,0,0,1,1,0,0,0,0
POR_Porites_napopora,VU,De,0.33,0.15,10,3,15,12,1,uncommon,0,0,0,1,1,0,0,0,1
POR_Porites_negrosensis,NT,De,0.23,0.1,10,2,15,13,1,uncommon,0,0,0,1,1,0,0,0,1
POR_Porites_nigrescens,VU,De+Cr,0.35,0.14,10,0.5,20,19.5,1,uncommon,0,0,0,1,1,0,0,0,1
POR_Porites_nodifera,LC,De,0.27,0.1,10,5,15,10,1,common,1,0,0,1,1,0,0,0,0
POR_Porites_okinawensis,VU,De+Cr,0.37,0.24,10,NA,NA,NA,NA,uncommon,1,0,0,1,1,0,0,0,0
POR_Porites_ornata,EN,De+Cr,0.66,0.24,10,3,15,12,1,uncommon,0,0,1,0,1,0,0,0,1
POR_Porites_panamensis,LC,De,0.1,0.03,10,0,36,36,0,common,0,0,0,1,1,0,0,0,0
POR_Porites_porites,LC,De,0.1,0.21,10,0.5,35,34.5,0,common,0,1,0,1,1,0,0,0,0
POR_Porites_profundus,LC,De,0.19,0.09,10,3,15,12,1,uncommon,0,0,0,1,1,0,0,0,0
POR_Porites_pukoensis,CR,D,NA,NA,NA,NA,NA,NA,NA,rare,1,0,0,1,1,0,0,0,0
POR_Porites_randalli,NA,NA,NA,NA,NA,NA,NA,NA,NA,NA,NA,NA,NA,NA,NA,NA,NA,NA,NA
POR_Porites_rugosa,VU,De+Cr,0.41,0.15,10,3,15,12,1,uncommon,0,0,1,0,1,0,0,0,1
POR_Porites_rus,LC,De,0.2,0.09,10,1,20,19,1,common,0,0,0,1,1,0,0,0,1
POR_Porites_sillimaniana,VU,De+Cr,0.39,0.15,10,1,5,4,1,uncommon,0,0,1,0,1,0,0,0,1
POR_Porites_solida,LC,De,0.2,0.09,10,1,30,29,0,common,0,0,0,1,1,0,0,0,1
POR_Porites_somaliensis,NT,De+Cr,0.22,0.08,10,1,20,19,1,rare,1,0,0,1,1,0,0,0,0
POR_Porites_stephensoni,NT,De,0.2,0.09,10,0,5,5,1,uncommon,0,0,0,1,1,0,0,0,1
POR_Porites_studeri,LC,De+Cr,0.1,0.09,10,10,40,30,0,rare,1,0,0,1,1,0,0,0,0
POR_Porites_sverdrupi,VU,De+Cr,0.34,0.11,10,1,40,39,0,rare,1,0,0,1,1,0,0,0,0
POR_Porites_tuberculosa,VU,De+Cr,0.41,0.15,10,1,20,19,1,uncommon,0,0,1,0,1,0,0,0,1
POR_Porites_vaughani,LC,De,0.21,0.09,10,1,40,39,0,uncommon,0,0,0,1,1,0,0,0,1
POR_Poritipora_paliformis,VU,De,0.34,0.15,10,5,15,10,1,rare,0,0,0,0,0,0,0,0,0
POR_Stylaraea_punctata,DD,DD,NA,NA,NA,NA,NA,NA,NA,NA,NA,NA,NA,NA,NA,NA,NA,NA,NA
RHI_Astrangia_poculata,LC,A2,NA,NA,10,NA,NA,NA,NA,common,0,1,0,0,0,0,0,0,0
SID_Anomastraea_irregularis,VU,De+Cr,0.38,0.18,10,0,20,20,1,uncommon,0,0,0,0,0,0,0,1,0
SID_Coscinaraea_columna,LC,De,0.2,0.09,10,5,30,25,0,common,0,0,0,0,0,0,0,0,0
SID_Coscinaraea_crassa,NT,De,0.19,0.09,10,10,30,20,1,rare,0,0,0,0,0,0,0,0,0
SID_Coscinaraea_exesa,LC,De,0.19,0.09,10,0,35,35,0,common,0,0,0,0,0,0,0,0,0
SID_Coscinaraea_hahazimaensis,VU,B,NA,NA,NA,NA,NA,NA,NA,rare,1,0,0,0,0,0,0,0,0
SID_Coscinaraea_marshae,LC,De+Cr,0.05,0.03,10,NA,NA,NA,NA,uncommon,0,0,0,0,0,0,0,0,0
SID_Coscinaraea_mcneilli,LC,De+Cr,0.05,0.03,10,NA,NA,NA,NA,uncommon,0,0,0,0,0,0,0,0,0
SID_Coscinaraea_monile,LC,De,0.24,0.1,10,0,52,52,0,common,0,0,0,0,0,0,0,0,0
SID_Coscinaraea_wellsi,LC,De,0.2,0.09,10,10,50,40,0,uncommon,0,0,0,0,0,0,0,0,0
SID_Craterastrea_levis,LC,De+Cr,0.18,0.07,10,30,70,40,0,common,1,0,0,0,0,0,0,0,0
SID_Horastrea_indica,VU,De+Cr,0.45,0.12,10,0,20,20,1,uncommon,1,0,0,0,0,0,0,0,0
SID_Psammocora_albopicta,DD,DD,NA,NA,NA,NA,NA,NA,NA,NA,NA,NA,NA,NA,NA,NA,NA,NA,NA
SID_Psammocora_contigua,NT,De,0.2,0.09,10,0,30,30,0,common,0,0,1,0,0,0,0,0,0
SID_Psammocora_decussata,DD,DD,NA,NA,NA,NA,NA,NA,NA,NA,NA,NA,NA,NA,NA,NA,NA,NA,NA
SID_Psammocora_digitata,NT,De,0.21,0.1,10,1,20,19,1,common,0,0,1,0,0,0,0,0,0
SID_Psammocora_explanulata,LC,De,0.2,0.09,10,5,30,25,0,common,0,0,0,0,0,0,0,0,0
SID_Psammocora_haimeana,LC,De,0.2,0.09,10,0,40,40,0,common,0,0,0,0,0,0,0,0,0
SID_Psammocora_interstinctus,DD,DD,NA,NA,NA,NA,NA,NA,NA,NA,NA,NA,NA,NA,NA,NA,NA,NA,NA
SID_Psammocora_nierstraszi,LC,De,0.2,0.09,10,1,30,29,0,common,0,0,0,0,0,0,0,0,0
SID_Psammocora_obtusangula,NT,De,0.19,0.09,10,0,4,4,1,uncommon,0,0,1,0,0,0,1,0,0
SID_Psammocora_profundacella,LC,De,0.2,0.09,10,1,30,29,0,common,0,0,0,0,0,0,0,0,0
SID_Psammocora_ramosa,DD,DD,NA,NA,NA,NA,NA,NA,NA,NA,NA,NA,NA,NA,NA,NA,NA,NA,NA
SID_Psammocora_stellata,VU,De,0.32,0.14,10,0,20,20,1,uncommon,1,1,0,0,0,0,0,1,0
SID_Psammocora_superficialis,LC,De,0.18,0.08,10,2,30,28,0,common,0,1,1,0,0,0,1,1,0
SID_Psammocora_vaughani,NT,De+Cr,0.2,0.11,10,8,20,12,1,rare,0,0,0,0,0,0,0,0,0
SID_Psammocora_verrilli,DD,DD,NA,NA,NA,NA,NA,NA,NA,NA,NA,NA,NA,NA,NA,NA,NA,NA,NA
SID_Pseudosiderastrea_formosa,NA,NA,NA,NA,NA,NA,NA,NA,NA,NA,NA,NA,NA,NA,NA,NA,NA,NA,NA
SID_Pseudosiderastrea_tayami,NT,De,0.21,0.09,10,8,20,12,1,uncommon,0,1,0,0,0,0,0,0,0
SID_Siderastrea_glynni,CR,B,NA,NA,NA,7,8.5,1.5,1,rare,1,0,1,0,0,0,0,0,0
SID_Siderastrea_radians,LC,De,0.1,0.21,10,0,3,3,1,common,0,1,0,0,0,0,0,0,0
SID_Siderastrea_savignyana,LC,De,0.27,0.12,10,1,10,9,1,uncommon,0,1,0,0,0,0,0,0,0
SID_Siderastrea_siderea,LC,De,0.1,0.21,10,0,70,70,0,common,0,0,1,0,0,0,1,0,0
SID_Siderastrea_stellata,DD,DD,NA,NA,NA,NA,NA,NA,NA,NA,NA,NA,NA,NA,NA,NA,NA,NA,NA
TRC_Trachyphyllia_geoffroyi,NT,De,0.22,0.1,10,2,40,38,0,uncommon,0,1,0,0,0,0,0,0,1
